,uid,cls
0,783836768,1.0
1,3064065145,1.0
2,25568299,1.0
3,19238906,1.0
4,4187257341,1.0
5,1487570167,1.0
6,2537744534,1.0
7,125106411,0.999945666947
8,16999854,1.0
9,17358504,1.0
10,35139443,1.0
11,2396367234,1.0
12,21122957,1.0
13,60837794,1.0
14,17350532,1.0
15,1403732101,0.999999599473
16,111857815,1.0
17,2730222890,1.0
18,291879347,0.992682642341
19,3065897231,0.5
20,212137230,1.0
21,20881065,1.0
22,512780757,1.0
23,830302556,1.0
24,227787605,1.0
25,2877215733,1.0
26,2247717487,1.0
27,21123098,1.0
28,2842950429,1.0
29,3462698472,1.0
30,2434527313,1.0
31,118193682,1.0
32,619468116,0.999999999978
33,90002008,1.0
34,43001050,1.0
35,2388815400,1.0
36,2183764969,1.0
37,2731703780,0.5
38,351063028,1.0
39,1261903566,1.0
40,259936381,0.999999599473
41,396048824,1.0
42,321594453,1.0
43,2478841038,0.999999599473
44,18382998,0.992682642341
45,1455840721,0.999945666947
46,155132335,0.999999997048
47,3431589891,0.999999599473
48,19636058,1.0
49,3322658109,0.5
50,2612505888,0.999945666947
51,26566117,1.0
52,184299933,0.992682642341
53,50782880,1.0
54,1449726048,1.0
55,1839646165,1.0
56,1942733947,1.0
57,763435751937831000,1.0
58,3148789382,1.0
59,18732595,1.0
60,748669315486884000,1.0
61,513564726,1.0
62,2687456400,1.0
63,208252062,0.992682642341
64,739133063515365000,1.0
65,246415716,1.0
66,17108553,1.0
67,6703212,1.0
68,2810037368,1.0
69,14411190,1.0
70,1323112933,1.0
71,39647359,1.0
72,434676278,1.0
73,257225604,1.0
74,304861372,1.0
75,2247139207,0.999999999978
76,572422260,1.0
77,2308969400,1.0
78,962789539,1.0
79,735603874417938000,1.0
80,131989934,1.0
81,315509582,1.0
82,58353613,0.5
83,1546974656,1.0
84,749686272579428000,0.5
85,193185941,0.999999997048
86,15190857,1.0
87,17756195,0.999999599473
88,602200375,1.0
89,88679386,1.0
90,1674744967,0.992682642341
91,1071486607,1.0
92,3074190323,0.992682642341
93,709093222341980000,0.5
94,1670734141,1.0
95,181182783,1.0
96,182616130,1.0
97,2149747160,1.0
98,394582546,0.992682642341
99,3665745497,1.0
100,2998016242,1.0
101,1578562770,1.0
102,760103091580666000,0.999945666947
103,2177693665,0.999999997048
104,3036036389,1.0
105,797148560,0.5
106,3401610994,1.0
107,90447206,0.999999599473
108,41013856,1.0
109,2598668917,1.0
110,312591277,1.0
111,18302779,1.0
112,728547380761502000,1.0
113,2842384482,1.0
114,704380756072608000,1.0
115,16401090,1.0
116,1093428416,1.0
117,192700508,0.999945666947
118,3228910307,1.0
119,702709923701002000,1.0
120,3303414113,1.0
121,2712696999,1.0
122,1970326891,0.999945666947
123,762491273764668000,1.0
124,903585026,0.999999997048
125,515530584,1.0
126,18542533,1.0
127,350063679,1.0
128,57721764,1.0
129,34095646,1.0
130,322449680,1.0
131,28007445,1.0
132,255797817,1.0
133,1180122894,1.0
134,462362715,1.0
135,713195014226969000,1.0
136,3341374872,0.5
137,3054535009,0.5
138,748972027587858000,1.0
139,354454666,1.0
140,21142500,1.0
141,1520839758,1.0
142,2603344777,1.0
143,2472407704,1.0
144,735190070102217000,1.0
145,253800985,1.0
146,26873441,0.992682642341
147,3371982744,1.0
148,26593115,1.0
149,696374606458986000,1.0
150,4722814103,0.999945666947
151,485662927,1.0
152,766603772713992000,1.0
153,3941315718,1.0
154,3219544890,1.0
155,345112065,1.0
156,199343831,1.0
157,420112221,1.0
158,711425714919084000,0.999999999978
159,842648402,1.0
160,3307498525,1.0
161,4512705677,1.0
162,4574019075,1.0
163,389528617,0.5
164,1661279869,1.0
165,944282263,0.5
166,143207585,1.0
167,258758996,1.0
168,703204400353964000,0.5
169,325702047,1.0
170,287310360,0.5
171,4153516823,0.5
172,3391680893,1.0
173,243208668,1.0
174,709234809936204000,1.0
175,295727137,1.0
176,627093902,1.0
177,157584905,1.0
178,1021644103,1.0
179,3427922087,0.999999599473
180,172498731,0.999945666947
181,1220986278,1.0
182,2904005992,1.0
183,130964264,1.0
184,138236592,1.0
185,38424077,0.999945666947
186,230103508,0.999999997048
187,75974260,1.0
188,752134848492540000,0.992682642341
189,160019620,1.0
190,546162406,0.5
191,3320708281,1.0
192,313420384,0.999945666947
193,1123215325,1.0
194,2191188842,0.999999999978
195,449123337,1.0
196,3407347630,1.0
197,45483298,1.0
198,257345787,1.0
199,19578308,0.5
200,61048036,0.999999997048
201,190117171,1.0
202,745436057089413000,0.999999999978
203,103462191,1.0
204,17023049,1.0
205,2199362023,1.0
206,33892144,0.5
207,266249753,1.0
208,765103727808086000,1.0
209,2870699914,1.0
210,521946169,0.999945666947
211,250820008,1.0
212,755089743797428000,1.0
213,3078256288,0.999999997048
214,22328001,0.5
215,372065527,1.0
216,233066204,1.0
217,4823193333,1.0
218,53722345,1.0
219,1338069978,1.0
220,23247050,0.992682642341
221,613629503,1.0
222,752910397490000000,1.0
223,54725646,1.0
224,3235358144,0.999999599473
225,35854184,1.0
226,758217917485847000,0.999999997048
227,2796068560,1.0
228,769032841,1.0
229,966632690,1.0
230,1017888036,1.0
231,366512018,1.0
232,20298292,0.999999999978
233,110610806,1.0
234,3331264479,1.0
235,3001588234,1.0
236,170946345,1.0
237,2570219694,1.0
238,196553866,1.0
239,3320149361,1.0
240,288356254,0.5
241,2587979840,0.999999599473
242,525167971,1.0
243,2179032222,1.0
244,1891241,1.0
245,15102468,1.0
246,2449767427,1.0
247,2523322556,1.0
248,66337549,1.0
249,1971160087,1.0
250,3091493685,1.0
251,125467653,0.5
252,1043247924,1.0
253,28117898,1.0
254,2976014469,1.0
255,127384120,1.0
256,632957416,1.0
257,42513476,1.0
258,84521826,0.999999599473
259,759926406,1.0
260,3252662579,1.0
261,1281452935,1.0
262,3344038420,1.0
263,440463725,1.0
264,753779827942035000,0.5
265,18065266,1.0
266,3156863358,1.0
267,383529009,1.0
268,612134519,1.0
269,731079272,1.0
270,22642511,1.0
271,515206505,1.0
272,2803909592,0.5
273,141031132,1.0
274,245760152,1.0
275,2470894041,1.0
276,250673246,1.0
277,3387601721,1.0
278,486409895,1.0
279,2657198670,1.0
280,2996226615,1.0
281,40941170,1.0
282,27335664,1.0
283,49197924,1.0
284,4254943407,1.0
285,712416526767252000,1.0
286,186876807,1.0
287,725831300314239000,1.0
288,38639934,1.0
289,308599937,1.0
290,768729239310840000,1.0
291,567959445,1.0
292,64886909,1.0
293,3983541023,0.999945666947
294,2272028385,0.992682642341
295,1603979245,1.0
296,47399828,1.0
297,548854675,1.0
298,178102985,1.0
299,50435693,1.0
300,1901339503,1.0
301,314870537,1.0
302,737540054,0.5
303,2174474448,1.0
304,855360499,0.5
305,65781271,1.0
306,416456405,1.0
307,1622231011,0.992682642341
308,933638226,1.0
309,391016685,1.0
310,3347222434,1.0
311,1126978538,0.999999599473
312,3235573818,1.0
313,2436871010,1.0
314,253227191,1.0
315,184646457,1.0
316,2213294077,1.0
317,1347676214,1.0
318,136128142,1.0
319,43595358,0.5
320,1379908728,1.0
321,2331070124,1.0
322,1324698565,1.0
323,4758279742,1.0
324,1567242546,1.0
325,113480677,1.0
326,47801335,0.5
327,705146754459537000,1.0
328,90370101,1.0
329,3135171759,1.0
330,4607024296,1.0
331,388515711,1.0
332,23712366,0.999999999978
333,3233717170,1.0
334,2413824427,1.0
335,3139074203,1.0
336,711607776,1.0
337,91042892,1.0
338,251156150,1.0
339,2344311116,1.0
340,242929882,1.0
341,3836650812,1.0
342,163690896,1.0
343,240346682,1.0
344,290147834,1.0
345,747733206275867000,1.0
346,115509358,1.0
347,161470437,1.0
348,143119199,1.0
349,2578224075,1.0
350,451875319,0.5
351,242961973,1.0
352,79231745,0.5
353,464245638,1.0
354,3070799310,1.0
355,743481497475293000,1.0
356,4013818875,1.0
357,38404728,1.0
358,18847443,0.992682642341
359,726613116117619000,1.0
360,13529572,1.0
361,246686930,1.0
362,2555589696,1.0
363,2387366754,1.0
364,85442820,0.999945666947
365,265811201,1.0
366,722539478,1.0
367,224231200,1.0
368,729453477609525000,0.5
369,2835624240,1.0
370,220880605,1.0
371,437058481,1.0
372,14344474,1.0
373,428621116,0.5
374,1928746560,1.0
375,3711072372,1.0
376,2222233488,0.999999599473
377,4877138025,1.0
378,3302943871,1.0
379,72598945,0.5
380,2414984580,1.0
381,825775182,1.0
382,3924951315,1.0
383,2984412522,1.0
384,15595930,1.0
385,15978636,0.999945666947
386,98358734,0.999999599473
387,195226150,1.0
388,4136050276,1.0
389,714111713315041000,0.999945666947
390,715738086097850000,0.992682642341
391,2865969087,1.0
392,831474091,1.0
393,557991042,1.0
394,1850382810,1.0
395,65727414,1.0
396,2288874470,1.0
397,23078306,1.0
398,318297521,1.0
399,3290576961,1.0
400,3975129617,1.0
401,969990860,1.0
402,49850422,1.0
403,6081362,1.0
404,42586896,1.0
405,18745193,1.0
406,2929765562,1.0
407,54799887,1.0
408,4774934117,1.0
409,280639137,0.5
410,745750589011812000,1.0
411,1398090512,0.999945666947
412,2766677093,1.0
413,3042379841,1.0
414,269498302,1.0
415,20833706,0.5
416,2225798059,1.0
417,620451200,1.0
418,1701249770,0.992682642341
419,1534819884,0.5
420,737854573637960000,1.0
421,25675733,1.0
422,3317174659,1.0
423,1004232505,0.999999999978
424,4697688523,1.0
425,210869372,0.992682642341
426,100047961,1.0
427,3406806707,0.999999999978
428,1481190168,1.0
429,48386006,1.0
430,434695831,1.0
431,702665500472549000,1.0
432,2164245440,1.0
433,44332483,1.0
434,1619952294,1.0
435,2746260606,1.0
436,760239767627919000,1.0
437,1552810338,1.0
438,2216072416,1.0
439,46864848,1.0
440,3579398481,0.999999997048
441,144321946,0.999945666947
442,2949208994,1.0
443,3024496431,1.0
444,17564221,0.999945666947
445,3321782792,1.0
446,2789738328,1.0
447,2253933161,1.0
448,163111324,0.999999997048
449,384091493,1.0
450,633277953,1.0
451,2855946305,1.0
452,198264075,1.0
453,3385333011,1.0
454,2717785677,1.0
455,15745908,1.0
456,732212725129052000,1.0
457,756246889838748000,1.0
458,2745491150,1.0
459,33013647,0.999999999978
460,286312318,1.0
461,2762740453,1.0
462,190055835,0.999999997048
463,273128193,1.0
464,704490753,1.0
465,66951013,1.0
466,2388128191,0.5
467,490362948,0.5
468,18894618,1.0
469,108407072,1.0
470,4065131953,1.0
471,28992682,1.0
472,1539677432,0.999945666947
473,2581586548,1.0
474,768294420,1.0
475,1278705324,1.0
476,21567649,1.0
477,508080349,1.0
478,469344128,1.0
479,162106726,1.0
480,3053986571,0.999999599473
481,3269434189,0.999999999978
482,2788368130,1.0
483,2652732326,0.999945666947
484,549308820,1.0
485,3023290870,1.0
486,3071603159,1.0
487,263348660,1.0
488,2376564780,1.0
489,1516587925,1.0
490,712671618,1.0
491,731995571855102000,0.999999997048
492,775023583,1.0
493,2881534905,1.0
494,4614204614,1.0
495,3185303798,1.0
496,21955296,0.999999999978
497,87641130,1.0
498,2966360739,1.0
499,16222346,1.0
500,50343384,1.0
501,724921214,1.0
502,36350694,1.0
503,37113369,1.0
504,758009417111576000,1.0
505,758159125763195000,1.0
506,768736903,1.0
507,2774930748,1.0
508,3241664077,1.0
509,4729313955,1.0
510,270219231,1.0
511,3036576329,1.0
512,488845496,1.0
513,14615775,1.0
514,278633892,1.0
515,2815890030,1.0
516,147218075,1.0
517,245949874,0.999999997048
518,622857704,1.0
519,35252232,1.0
520,2593517424,1.0
521,805334443,1.0
522,500421445,1.0
523,738115099437629000,1.0
524,116451098,1.0
525,1544834228,0.999999997048
526,777099913,1.0
527,22576799,1.0
528,17693981,1.0
529,156606906,1.0
530,75296139,1.0
531,451032665,1.0
532,404873477,1.0
533,1215478776,1.0
534,4043206780,1.0
535,632943628,1.0
536,2849771796,1.0
537,723744795676545000,1.0
538,1159926900,1.0
539,3244052518,1.0
540,754380908359197000,1.0
541,162393428,1.0
542,39019743,1.0
543,765003986822898000,1.0
544,312259327,0.992682642341
545,63902799,0.999999599473
546,3157125579,1.0
547,67036012,1.0
548,82618914,1.0
549,2465078552,1.0
550,8004962,1.0
551,723815000,1.0
552,50826229,0.5
553,721783403415142000,0.999999599473
554,54515016,1.0
555,2291033166,1.0
556,245157793,1.0
557,725759703502844000,1.0
558,3214684504,1.0
559,33527742,1.0
560,117316720,1.0
561,16673178,1.0
562,729865940888748000,1.0
563,4236429917,1.0
564,776329160,1.0
565,2540752350,1.0
566,15152423,1.0
567,720286738040648000,1.0
568,549741046,0.992682642341
569,1258356079,1.0
570,14981026,0.999999599473
571,395793843,1.0
572,231995573,0.992682642341
573,3060759493,0.999999997048
574,31260980,1.0
575,48456342,0.999999599473
576,2415013472,1.0
577,828280567,1.0
578,2469905251,0.999999599473
579,371894011,1.0
580,202860226,1.0
581,2383166525,1.0
582,368814838,1.0
583,3308032523,1.0
584,47811862,0.5
585,750730511090418000,1.0
586,97093628,0.5
587,4799284314,1.0
588,2885453781,1.0
589,4506720317,1.0
590,856829898,0.999945666947
591,18546154,1.0
592,4053829693,0.999945666947
593,4205442563,0.999999999978
594,765387088158073000,1.0
595,2261726983,1.0
596,3285334441,0.5
597,717126278386725000,1.0
598,295044963,1.0
599,15270559,1.0
600,568270990,1.0
601,92909429,1.0
602,3246995596,1.0
603,3235820858,1.0
604,55531084,0.999999599473
605,733972799421710000,0.999999599473
606,111947236,1.0
607,2395498116,1.0
608,402854938,0.5
609,1091073510,1.0
610,328659973,1.0
611,335987017,1.0
612,745349499392922000,1.0
613,752165557,1.0
614,710636780840731000,1.0
615,85612651,1.0
616,764114851471950000,1.0
617,14875758,1.0
618,259006458,1.0
619,356577348,1.0
620,134624096,1.0
621,19290523,0.5
622,218768201,1.0
623,721279668,1.0
624,294154680,1.0
625,2358384984,1.0
626,1281603361,1.0
627,4365299121,0.5
628,4064242453,1.0
629,134233712,1.0
630,3460805234,1.0
631,4041228101,0.999999999978
632,1272276649,1.0
633,2922204735,1.0
634,760213656906834000,1.0
635,1296684524,1.0
636,586096935,0.992682642341
637,593405794,1.0
638,3858760698,0.5
639,625573696,0.999999997048
640,3397668123,1.0
641,3035839695,1.0
642,20403049,1.0
643,2906932271,1.0
644,1025889584,1.0
645,2812103434,0.999999999978
646,725241218565808000,0.999945666947
647,85920748,1.0
648,603908506,0.992682642341
649,83784088,1.0
650,31081897,1.0
651,599399768,0.5
652,3101155881,1.0
653,384555283,0.999999599473
654,1245016218,1.0
655,3176969034,1.0
656,2605010109,1.0
657,153117745,1.0
658,1201796502,1.0
659,365149602,0.992682642341
660,4532374948,0.999999997048
661,375053940,0.999999999978
662,3411693034,1.0
663,193963101,1.0
664,42160218,1.0
665,573245705,1.0
666,20907283,1.0
667,254737996,1.0
668,474355133,1.0
669,1711104398,1.0
670,555873027,1.0
671,240775180,1.0
672,15397628,1.0
673,700958326155141000,1.0
674,2351635073,1.0
675,3268207573,1.0
676,1030030639,1.0
677,300629341,1.0
678,3303417908,1.0
679,225571023,0.999999997048
680,4879506209,1.0
681,44951044,1.0
682,2366419658,1.0
683,33588153,1.0
684,993026467,0.999999997048
685,1265993328,1.0
686,168270746,1.0
687,3997761263,1.0
688,704437819394097000,1.0
689,20944327,1.0
690,3306045395,1.0
691,143217021,1.0
692,291048144,1.0
693,205813557,1.0
694,276174211,1.0
695,257626250,1.0
696,558062477,1.0
697,3945538078,1.0
698,2455402332,1.0
699,2800678746,1.0
700,724139826,1.0
701,2543832943,1.0
702,2812468094,1.0
703,307051616,0.999999599473
704,2724297725,1.0
705,3386533573,1.0
706,175631497,1.0
707,403026443,1.0
708,2691769046,1.0
709,168838825,1.0
710,184716542,0.992682642341
711,2620261884,0.999945666947
712,3164639612,1.0
713,1511959015,1.0
714,60405268,1.0
715,246564833,1.0
716,4342833556,1.0
717,18714435,0.5
718,1125581838,0.999999997048
719,589561609,1.0
720,718205813,1.0
721,307360488,1.0
722,2343341823,1.0
723,4601104113,1.0
724,786771,1.0
725,3012613524,1.0
726,14379613,0.992682642341
727,1581408445,0.992682642341
728,2809927988,1.0
729,1245671730,0.999945666947
730,233922540,1.0
731,86823564,1.0
732,636657063,1.0
733,38187801,1.0
734,14381395,1.0
735,2855674607,1.0
736,157525526,1.0
737,2632557888,1.0
738,2790852631,1.0
739,2987819945,0.999999997048
740,447508317,1.0
741,1438647332,1.0
742,2345320388,1.0
743,70798256,1.0
744,750202632484983000,1.0
745,324066447,1.0
746,1487450708,1.0
747,1024839002,1.0
748,341403614,1.0
749,216861914,1.0
750,1549320775,1.0
751,35068661,1.0
752,755377963252658000,1.0
753,15829454,1.0
754,1097655301,1.0
755,231158899,1.0
756,75098091,1.0
757,1945174885,0.5
758,192426427,1.0
759,4724939296,0.5
760,15098197,1.0
761,3154321989,1.0
762,43019867,1.0
763,3137446443,1.0
764,504292719,1.0
765,264987397,1.0
766,168854818,1.0
767,54289272,0.5
768,166879954,1.0
769,107554362,0.5
770,501992461,0.999999997048
771,706652132150215000,1.0
772,3149368109,1.0
773,18182460,0.999999999978
774,21699827,1.0
775,1046272032,1.0
776,49067918,1.0
777,628467835,0.5
778,32515764,1.0
779,622323025,1.0
780,505191896,0.992682642341
781,750871179636908000,1.0
782,1493406558,1.0
783,273320527,1.0
784,2755965551,0.999945666947
785,7954452,1.0
786,266775348,1.0
787,359279222,1.0
788,715662005865169000,1.0
789,3609800428,0.992682642341
790,370446569,1.0
791,747764272395063000,0.999945666947
792,2153236557,1.0
793,107902678,1.0
794,381685158,0.5
795,19226798,1.0
796,31346694,1.0
797,2879696110,0.999945666947
798,704342114650329000,1.0
799,3025980004,1.0
800,837985446,1.0
801,807150625,1.0
802,42985686,0.5
803,67589922,1.0
804,704318091493315000,1.0
805,15564187,1.0
806,138950053,1.0
807,2156167358,1.0
808,1979100510,0.992682642341
809,361243387,0.999945666947
810,228978667,1.0
811,712492108611867000,1.0
812,296736964,1.0
813,222672617,1.0
814,768481920086794000,1.0
815,1334225768,0.999945666947
816,16398444,1.0
817,293560882,1.0
818,701238140,1.0
819,344655481,0.999999997048
820,392487643,1.0
821,167846411,1.0
822,23590245,1.0
823,86471644,0.992682642341
824,16246859,1.0
825,276117966,0.5
826,2252523204,1.0
827,19010065,1.0
828,227470672,1.0
829,195785279,1.0
830,2418324517,1.0
831,22033362,0.999999999978
832,96368572,1.0
833,3245555109,0.5
834,419125795,1.0
835,738744136614982000,1.0
836,319409874,1.0
837,546202940,1.0
838,2443135201,1.0
839,3130848945,1.0
840,2832299452,1.0
841,35975387,1.0
842,298149499,1.0
843,14527778,0.5
844,158564166,1.0
845,3621722174,1.0
846,2280474355,1.0
847,788125123,1.0
848,743136315504374000,0.5
849,364643338,1.0
850,67761261,1.0
851,2169432871,1.0
852,51724335,1.0
853,794970457,1.0
854,24460650,1.0
855,180818664,1.0
856,48567048,1.0
857,85360750,1.0
858,464840200,1.0
859,2523862118,1.0
860,2847300922,1.0
861,52826380,0.999999997048
862,63767559,1.0
863,3174088999,1.0
864,798717607,1.0
865,15780810,1.0
866,1605454002,0.999999599473
867,2758227844,1.0
868,3018292976,1.0
869,30213351,1.0
870,4784746304,0.999945666947
871,600022839,1.0
872,1423919995,1.0
873,3951147891,1.0
874,4814407119,0.5
875,220521470,1.0
876,624593130,1.0
877,1301885720,1.0
878,2834771237,1.0
879,318172536,1.0
880,1196320909,1.0
881,3138489302,1.0
882,204362714,1.0
883,584490766,1.0
884,21543404,1.0
885,226120372,1.0
886,3380105499,1.0
887,2897534623,1.0
888,823946054,0.999945666947
889,16108210,1.0
890,3162378792,1.0
891,1295889902,1.0
892,200858171,1.0
893,26267493,1.0
894,730536623339885000,1.0
895,35645684,1.0
896,811594596,1.0
897,1646079943,1.0
898,3507460516,1.0
899,736914843744117000,1.0
900,3004462090,1.0
901,105861114,1.0
902,51114442,1.0
903,81237987,0.999945666947
904,374909944,1.0
905,3198085603,1.0
906,4913963779,1.0
907,65357124,1.0
908,2719811773,0.999945666947
909,1641113694,1.0
910,5806732,1.0
911,3558890174,1.0
912,3075097395,0.999999999978
913,130791536,1.0
914,1971984770,0.999999997048
915,3370922973,0.5
916,58493437,1.0
917,270727233,1.0
918,1008771500,1.0
919,2497712966,1.0
920,1440701492,0.992682642341
921,599377615,1.0
922,82809560,1.0
923,184400257,0.999999997048
924,753166048547905000,1.0
925,179950817,1.0
926,247278651,1.0
927,433492915,1.0
928,45858156,1.0
929,80355479,1.0
930,433931965,0.999999999978
931,47478225,1.0
932,580303299,1.0
933,298031274,0.999999999978
934,571624655,1.0
935,3699772100,1.0
936,738887185,0.5
937,401690626,1.0
938,2952531799,0.5
939,179559918,0.5
940,206544934,1.0
941,739992046832898000,1.0
942,202766189,1.0
943,288772032,0.5
944,3227329307,1.0
945,56523974,1.0
946,881084695,1.0
947,27983732,0.5
948,3366214402,1.0
949,322891096,1.0
950,3307608359,1.0
951,322252122,0.999999999978
952,353926652,0.992682642341
953,908697421,1.0
954,96979679,1.0
955,410572471,1.0
956,23270848,1.0
957,1664059410,1.0
958,713940325098607000,1.0
959,218682993,1.0
960,533878457,0.5
961,746916787854401000,1.0
962,3575046733,1.0
963,35054541,1.0
964,332823470,1.0
965,1668135704,1.0
966,3102991489,1.0
967,158121515,1.0
968,2477738889,0.999945666947
969,619269297,1.0
970,3076723587,1.0
971,1096048885,1.0
972,232098131,0.999945666947
973,254839546,0.5
974,739267692,1.0
975,160236556,1.0
976,61470287,1.0
977,42642400,1.0
978,734046008628384000,1.0
979,226681750,0.5
980,26284574,1.0
981,1633364934,1.0
982,346985655,1.0
983,2727967075,1.0
984,760245449022247000,0.5
985,16107188,1.0
986,2455721468,1.0
987,20667881,0.999999599473
988,844970568,1.0
989,16697063,1.0
990,454457064,0.992682642341
991,380432888,1.0
992,41753394,1.0
993,1202801491,1.0
994,3594546342,1.0
995,770018908464120000,0.992682642341
996,194648856,1.0
997,1561259425,1.0
998,25891689,1.0
999,1970556547,1.0
1000,710816726288507000,1.0
1001,48758809,1.0
1002,619568001,1.0
1003,1671096962,1.0
1004,559477286,1.0
1005,2660630073,1.0
1006,739497404349714000,1.0
1007,32618623,1.0
1008,807824918,1.0
1009,758724114471322000,1.0
1010,470542811,1.0
1011,177703283,1.0
1012,2646715176,1.0
1013,390578071,1.0
1014,132406441,1.0
1015,28519592,1.0
1016,3105250433,1.0
1017,2914438373,0.999999997048
1018,383571739,1.0
1019,14299788,1.0
1020,4288401623,1.0
1021,16162490,1.0
1022,535043718,1.0
1023,1591341,1.0
1024,1324998186,1.0
1025,1593013008,1.0
1026,2499207097,1.0
1027,423045870,1.0
1028,233860289,1.0
1029,197413479,1.0
1030,296090038,1.0
1031,1244092304,1.0
1032,506859605,1.0
1033,2461774904,1.0
1034,2290411892,1.0
1035,111984904,1.0
1036,349861258,0.999999599473
1037,36743702,1.0
1038,374171704,0.999999997048
1039,1895620988,1.0
1040,3065229184,1.0
1041,1473643824,0.999945666947
1042,73793125,1.0
1043,784599757,1.0
1044,1273164817,0.999999997048
1045,1249821662,0.5
1046,525771389,1.0
1047,265499956,1.0
1048,800917068,1.0
1049,374712589,0.992682642341
1050,1164483986,1.0
1051,705098100579250000,1.0
1052,4515736051,1.0
1053,2428043126,1.0
1054,732506376,0.999999997048
1055,1557967128,1.0
1056,24830683,1.0
1057,15606796,0.992682642341
1058,15174596,1.0
1059,283374974,0.992682642341
1060,2250616542,0.5
1061,765104401799192000,1.0
1062,14054810,1.0
1063,85353093,1.0
1064,431138602,0.5
1065,744222494379303000,1.0
1066,3019989793,0.5
1067,41171593,1.0
1068,995484505,1.0
1069,540108730,1.0
1070,735482754997969000,1.0
1071,61571899,1.0
1072,15685664,1.0
1073,135374603,1.0
1074,2991696062,0.5
1075,357086239,1.0
1076,755577252369228000,1.0
1077,4896019625,0.999999999978
1078,3287920933,1.0
1079,1379941483,1.0
1080,69257713,1.0
1081,3393479734,1.0
1082,36578197,0.5
1083,216943721,0.999999599473
1084,55617634,1.0
1085,3023585150,1.0
1086,720768273730540000,1.0
1087,605853027,0.992682642341
1088,65910541,1.0
1089,711368988056543000,0.999945666947
1090,77906548,1.0
1091,759561065470362000,0.999999997048
1092,18300385,1.0
1093,65337103,1.0
1094,154370338,1.0
1095,771478811166642000,1.0
1096,209410262,1.0
1097,3055219680,1.0
1098,274918452,0.999999999978
1099,618600886,1.0
1100,98538101,1.0
1101,1188639319,1.0
1102,1851251604,0.999945666947
1103,275323794,1.0
1104,2209865677,1.0
1105,226403137,0.999999999978
1106,2466972566,1.0
1107,79490510,1.0
1108,50831666,1.0
1109,3257652433,1.0
1110,3182102845,1.0
1111,620400421,1.0
1112,25260481,1.0
1113,1569475002,1.0
1114,1970178764,1.0
1115,186745799,1.0
1116,69447500,1.0
1117,1198424886,0.999999997048
1118,554384284,1.0
1119,932774838,1.0
1120,1275561734,0.999945666947
1121,4213026711,1.0
1122,238027524,0.999999599473
1123,491736403,0.999999599473
1124,4782912374,1.0
1125,274995094,1.0
1126,63909533,1.0
1127,1264102916,1.0
1128,54825044,0.999945666947
1129,501539172,1.0
1130,380741148,1.0
1131,178783121,0.5
1132,22058855,0.992682642341
1133,239553112,1.0
1134,54718533,1.0
1135,730129552782074000,0.992682642341
1136,728678754197721000,1.0
1137,2551801896,1.0
1138,1475740314,1.0
1139,1916231341,1.0
1140,2200165610,1.0
1141,36580308,1.0
1142,2660512032,1.0
1143,23408927,1.0
1144,4898194671,1.0
1145,1477982694,1.0
1146,164253313,0.999945666947
1147,3069801752,1.0
1148,396324642,1.0
1149,2635059051,0.999999997048
1150,1421379074,1.0
1151,1912185266,0.999999997048
1152,1953266815,1.0
1153,21475097,1.0
1154,1480832682,1.0
1155,769002900513182000,0.992682642341
1156,1564619755,1.0
1157,406727658,0.5
1158,2340871045,1.0
1159,395034209,1.0
1160,746444064892068000,1.0
1161,1624653158,1.0
1162,707987095755891000,0.999945666947
1163,4593372796,1.0
1164,754022807579820000,1.0
1165,382271133,1.0
1166,579885820,1.0
1167,745911811367633000,1.0
1168,546115597,0.999999999978
1169,16442656,1.0
1170,92461962,1.0
1171,1976126720,1.0
1172,10222202,1.0
1173,353723235,1.0
1174,756635888730472000,1.0
1175,26252167,0.5
1176,1428798481,0.5
1177,710669392581943000,1.0
1178,384218611,1.0
1179,1972952198,0.999945666947
1180,1869733831,1.0
1181,354113973,0.999999997048
1182,62593792,1.0
1183,48846742,1.0
1184,740453543413469000,1.0
1185,714445294843335000,1.0
1186,815371338,1.0
1187,302859151,1.0
1188,1611538375,1.0
1189,20626483,1.0
1190,18646883,1.0
1191,22125118,1.0
1192,68185573,1.0
1193,738844718042386000,0.5
1194,1667220757,1.0
1195,173647925,1.0
1196,4625111448,1.0
1197,19267347,1.0
1198,882315031,1.0
1199,549203734,1.0
1200,14351298,1.0
1201,1154695267,0.999999997048
1202,316232759,1.0
1203,547289837,1.0
1204,753125944060220000,1.0
1205,4632921672,1.0
1206,704710994023608000,1.0
1207,570044792,1.0
1208,104870132,1.0
1209,383793907,1.0
1210,51957870,1.0
1211,1324379118,1.0
1212,25596981,1.0
1213,4083081378,0.999945666947
1214,3220271137,1.0
1215,8313932,1.0
1216,114277504,1.0
1217,1494630398,1.0
1218,234639531,1.0
1219,1455983262,1.0
1220,587435984,1.0
1221,700760306683920000,1.0
1222,755410563275035000,0.999999997048
1223,2654242195,1.0
1224,18174217,1.0
1225,554367914,1.0
1226,69865947,1.0
1227,62839633,0.5
1228,43416380,0.999999599473
1229,28002808,1.0
1230,301748497,1.0
1231,740068068475298000,1.0
1232,18518883,0.999999599473
1233,733308412717633000,0.5
1234,22945545,1.0
1235,2865617971,1.0
1236,4191536898,1.0
1237,337469515,1.0
1238,770804237810803000,1.0
1239,382695461,1.0
1240,1674638966,1.0
1241,3493239561,1.0
1242,1343388265,0.999945666947
1243,58693179,1.0
1244,46834161,1.0
1245,1353772520,0.999999997048
1246,2263785887,0.999999599473
1247,157778233,1.0
1248,2892237479,1.0
1249,2910444117,1.0
1250,35150454,1.0
1251,423423817,0.5
1252,2846856245,0.999999999978
1253,724278086,1.0
1254,3438469581,1.0
1255,756566236029268000,1.0
1256,756758844785721000,0.992682642341
1257,3304278760,1.0
1258,742356121,1.0
1259,242815499,1.0
1260,584409510,1.0
1261,77643398,0.992682642341
1262,34415752,1.0
1263,756205571041354000,1.0
1264,1081147950,0.992682642341
1265,1431991712,0.999999999978
1266,7157132,1.0
1267,874827996,1.0
1268,525645551,1.0
1269,393018579,1.0
1270,347779152,1.0
1271,3173665659,1.0
1272,4106772734,1.0
1273,2851224383,1.0
1274,92074284,1.0
1275,175349353,1.0
1276,450970420,1.0
1277,733405035971764000,1.0
1278,760681159357411000,1.0
1279,70994599,1.0
1280,19066433,1.0
1281,12211092,1.0
1282,14892220,1.0
1283,22231486,1.0
1284,1286962076,0.5
1285,237413936,1.0
1286,1075435626,1.0
1287,14338585,1.0
1288,3051183049,0.999945666947
1289,761605024686363000,1.0
1290,575054575,1.0
1291,46839056,1.0
1292,33984676,1.0
1293,735690206389539000,1.0
1294,2647352397,1.0
1295,705587887014814000,0.992682642341
1296,2664713684,1.0
1297,30361737,1.0
1298,391515681,1.0
1299,2233212596,0.5
1300,753053638746972000,1.0
1301,1449720013,1.0
1302,284616343,0.5
1303,556416670,1.0
1304,4730979323,1.0
1305,862309640,1.0
1306,1559302040,1.0
1307,1666181335,0.999999599473
1308,2448007525,1.0
1309,288429553,0.999999999978
1310,2259491438,1.0
1311,164683096,1.0
1312,752186139008795000,1.0
1313,1419168163,1.0
1314,3228611661,1.0
1315,750965205908284000,0.5
1316,2369639010,1.0
1317,22884118,1.0
1318,1403884568,0.999999599473
1319,15622451,1.0
1320,3057639261,1.0
1321,4281335654,1.0
1322,1965228290,1.0
1323,228500021,1.0
1324,23723818,1.0
1325,60226819,1.0
1326,706576276665016000,1.0
1327,71335796,1.0
1328,625835885,0.999999599473
1329,2490814056,0.5
1330,2273939279,0.999999999978
1331,4900229710,1.0
1332,7081402,1.0
1333,37607884,1.0
1334,1640756172,1.0
1335,2566213556,1.0
1336,3087933293,1.0
1337,3394102511,1.0
1338,2864869681,0.999945666947
1339,166837481,1.0
1340,3303063310,0.999999599473
1341,723094863143555000,0.999999999978
1342,2162798413,0.992682642341
1343,744052483,1.0
1344,52218582,1.0
1345,2200129950,0.999999599473
1346,2400400723,0.999945666947
1347,4851616613,0.5
1348,2917627583,1.0
1349,138230231,1.0
1350,1107805362,1.0
1351,199410291,1.0
1352,746056337822351000,1.0
1353,296450127,1.0
1354,2957726930,0.5
1355,2443408338,1.0
1356,139885419,1.0
1357,415126147,1.0
1358,304404095,1.0
1359,709831422417048000,1.0
1360,762673949935341000,1.0
1361,955861238,1.0
1362,34476699,1.0
1363,84959300,0.999945666947
1364,19667827,1.0
1365,79810764,1.0
1366,293142083,1.0
1367,843392768,1.0
1368,1255219249,1.0
1369,938535042,1.0
1370,2916953744,1.0
1371,3336743254,1.0
1372,3983572753,1.0
1373,752185446134911000,0.999945666947
1374,462370367,1.0
1375,3260798094,1.0
1376,36585357,0.999945666947
1377,3013812573,1.0
1378,3334679561,1.0
1379,770256164969935000,0.999999999978
1380,433882993,1.0
1381,564873069,0.999999599473
1382,42334363,1.0
1383,2210096953,1.0
1384,765303,1.0
1385,69345718,1.0
1386,371809517,1.0
1387,3045190176,0.999999999978
1388,564508015,1.0
1389,14934177,1.0
1390,60056790,1.0
1391,4825471403,1.0
1392,4085211,1.0
1393,759086880562577000,1.0
1394,4372112173,1.0
1395,381259161,1.0
1396,718158994708243000,1.0
1397,3157544586,1.0
1398,82970612,1.0
1399,40748632,1.0
1400,449784914,1.0
1401,2864966661,0.992682642341
1402,15571109,1.0
1403,339740769,1.0
1404,520232626,1.0
1405,476587914,1.0
1406,1228624387,1.0
1407,4776589223,0.992682642341
1408,4906411121,1.0
1409,3226420602,1.0
1410,107452312,1.0
1411,80561165,1.0
1412,248512039,1.0
1413,3195884803,1.0
1414,1433948558,1.0
1415,423119416,1.0
1416,777042228,0.999999997048
1417,74240044,1.0
1418,2785139071,1.0
1419,2742685950,1.0
1420,2927821988,1.0
1421,1216698624,1.0
1422,700725715789021000,1.0
1423,55434374,0.992682642341
1424,41700592,1.0
1425,1036461900,1.0
1426,37035014,1.0
1427,1260522470,1.0
1428,2840272067,0.999999599473
1429,4703633054,1.0
1430,484586430,1.0
1431,15052930,1.0
1432,29895676,0.999999997048
1433,3797005693,1.0
1434,68902366,1.0
1435,259530941,1.0
1436,21804882,1.0
1437,564166079,1.0
1438,2569066645,1.0
1439,3019742647,1.0
1440,2964550515,1.0
1441,35087917,1.0
1442,271591834,1.0
1443,2842049105,1.0
1444,103762171,1.0
1445,3273503792,1.0
1446,412669985,1.0
1447,85804295,1.0
1448,391085603,1.0
1449,4920220572,1.0
1450,23845865,0.5
1451,91894012,1.0
1452,17379985,1.0
1453,2537992468,0.992682642341
1454,2337288824,1.0
1455,20406426,0.999999599473
1456,1239860035,1.0
1457,2614516328,0.5
1458,3856463115,1.0
1459,1364980249,1.0
1460,3381777364,1.0
1461,2548208748,1.0
1462,725924885243925000,1.0
1463,3278828556,1.0
1464,4871121580,1.0
1465,4150104853,1.0
1466,257564801,0.999945666947
1467,168776556,1.0
1468,2444312738,1.0
1469,722501495464280000,0.5
1470,113582711,0.5
1471,60340084,1.0
1472,138714586,1.0
1473,883283184,1.0
1474,595192337,1.0
1475,3414882641,1.0
1476,14392327,1.0
1477,56252026,1.0
1478,261882010,1.0
1479,2552839785,1.0
1480,764302356263555000,1.0
1481,4194459603,1.0
1482,385111898,0.999999599473
1483,146107824,0.999945666947
1484,318104157,1.0
1485,273462904,1.0
1486,3024288995,1.0
1487,1912457281,1.0
1488,60445589,0.999945666947
1489,19492516,1.0
1490,1644117440,1.0
1491,567416367,0.999999999978
1492,40725305,0.5
1493,1622370690,1.0
1494,723834361963909000,1.0
1495,614824197,1.0
1496,42987905,1.0
1497,1584473226,1.0
1498,2833263910,1.0
1499,16904973,1.0
1500,1100042024,1.0
1501,429606970,1.0
1502,3091694459,1.0
1503,292919202,1.0
1504,2442592087,0.999999599473
1505,725076871,1.0
1506,805902498,1.0
1507,714898185915859000,1.0
1508,26072600,1.0
1509,749581553060250000,1.0
1510,254543444,0.5
1511,102296197,1.0
1512,298144056,1.0
1513,2206520060,1.0
1514,2280313122,1.0
1515,41171864,1.0
1516,548529828,1.0
1517,59539039,1.0
1518,2334079846,0.999945666947
1519,205672153,1.0
1520,80830732,1.0
1521,713490587463381000,0.999999999978
1522,3289447800,0.992682642341
1523,2956894742,1.0
1524,721365447363404000,1.0
1525,4838291607,1.0
1526,158784656,1.0
1527,3316772003,1.0
1528,727707137409995000,1.0
1529,888258229,0.992682642341
1530,161396125,0.999999599473
1531,246379396,1.0
1532,482062136,1.0
1533,288750533,1.0
1534,128189512,1.0
1535,4921159437,0.999999997048
1536,4692612938,1.0
1537,165166168,1.0
1538,1480736138,1.0
1539,1834357890,1.0
1540,4421783602,1.0
1541,2564431140,0.999999997048
1542,78011391,1.0
1543,263232963,1.0
1544,739238907565478000,1.0
1545,223160443,1.0
1546,41049329,1.0
1547,21420450,1.0
1548,36022010,1.0
1549,388926234,1.0
1550,317959992,0.999999999978
1551,523815776,0.5
1552,26101899,1.0
1553,134077904,1.0
1554,176330593,1.0
1555,22861498,0.999999999978
1556,355588554,1.0
1557,2438178736,1.0
1558,1211628068,0.999999599473
1559,494664486,1.0
1560,736949978824741000,1.0
1561,2222603304,1.0
1562,186654158,1.0
1563,202609907,1.0
1564,768806841631453000,1.0
1565,3281753388,1.0
1566,3290498206,1.0
1567,356679248,1.0
1568,829824343,1.0
1569,87873104,1.0
1570,289357449,0.999999999978
1571,1319278176,1.0
1572,453449906,1.0
1573,359104618,1.0
1574,161285530,1.0
1575,959912647,1.0
1576,3359771301,1.0
1577,429123823,1.0
1578,4450537332,1.0
1579,3017969120,1.0
1580,186933748,1.0
1581,13964892,1.0
1582,708642075529511000,1.0
1583,47693363,1.0
1584,313727325,0.992682642341
1585,4875347433,1.0
1586,29239261,1.0
1587,378480532,1.0
1588,2236134212,1.0
1589,590001066,1.0
1590,524307071,1.0
1591,127774278,0.5
1592,563521221,1.0
1593,64994896,1.0
1594,3095132204,1.0
1595,3003589576,1.0
1596,894953840,1.0
1597,995617790,0.5
1598,745416409870590000,1.0
1599,745863246,0.5
1600,3159794678,1.0
1601,567800022,1.0
1602,172287407,0.999999999978
1603,101878238,1.0
1604,2896521579,1.0
1605,2284498262,1.0
1606,716391703582806000,1.0
1607,4854388271,1.0
1608,451374775,1.0
1609,98611513,0.999999997048
1610,2340717386,1.0
1611,3004911774,0.999945666947
1612,3147033088,1.0
1613,3713058051,1.0
1614,44915920,1.0
1615,36251026,1.0
1616,4840744062,1.0
1617,180826083,1.0
1618,3500674937,1.0
1619,16541021,0.5
1620,156386102,1.0
1621,517623178,1.0
1622,8280952,1.0
1623,832024267,0.992682642341
1624,620530134,1.0
1625,4254231299,0.5
1626,4804724363,1.0
1627,14892098,1.0
1628,1646692621,1.0
1629,221512627,1.0
1630,3380701821,1.0
1631,12677022,1.0
1632,2511680137,0.992682642341
1633,302573429,1.0
1634,2266465238,1.0
1635,59773018,0.999999599473
1636,83552343,0.5
1637,544328949,1.0
1638,3080316327,1.0
1639,141356227,1.0
1640,43536437,1.0
1641,2798850300,1.0
1642,3238542500,1.0
1643,3247235872,1.0
1644,2413002979,1.0
1645,767465503120040000,1.0
1646,730608591929926000,1.0
1647,3138854200,1.0
1648,351343545,1.0
1649,40556084,1.0
1650,15817928,0.5
1651,1215109254,1.0
1652,210515538,1.0
1653,1192285790,1.0
1654,2514460219,0.999999999978
1655,96797550,1.0
1656,724558779006603000,1.0
1657,170625858,1.0
1658,967298168,1.0
1659,299714179,1.0
1660,104267607,1.0
1661,1184073115,1.0
1662,59351288,1.0
1663,33195291,1.0
1664,4359203053,1.0
1665,928895880,1.0
1666,719142485528875000,0.999945666947
1667,387018580,1.0
1668,722252966061863000,1.0
1669,714148211481526000,1.0
1670,234965104,1.0
1671,712240814995407000,1.0
1672,713025580690571000,1.0
1673,338157574,1.0
1674,64352075,1.0
1675,188332194,1.0
1676,14216661,1.0
1677,318623089,1.0
1678,1902269149,1.0
1679,761029946781282000,1.0
1680,2791349579,1.0
1681,3965751505,1.0
1682,2924770501,0.992682642341
1683,63834683,1.0
1684,18836161,1.0
1685,399588678,1.0
1686,148905308,1.0
1687,2939073751,1.0
1688,14421635,1.0
1689,1060743756,1.0
1690,4173831327,0.5
1691,29736906,1.0
1692,2948374777,1.0
1693,434146037,1.0
1694,275793132,1.0
1695,1261926450,1.0
1696,2806316010,1.0
1697,20867110,1.0
1698,18775794,0.999999599473
1699,451187582,0.992682642341
1700,36897220,1.0
1701,27105728,1.0
1702,17647453,1.0
1703,1332324320,1.0
1704,31594729,1.0
1705,3060209565,1.0
1706,470022906,1.0
1707,66758177,1.0
1708,11618712,0.992682642341
1709,35008576,1.0
1710,34441131,0.999999999978
1711,1057138034,1.0
1712,750642140955283000,1.0
1713,1085903023,0.992682642341
1714,554580381,1.0
1715,1930066850,1.0
1716,4777273152,1.0
1717,282502798,1.0
1718,4274808132,1.0
1719,383449808,1.0
1720,441181940,1.0
1721,373061768,1.0
1722,55254349,1.0
1723,516952069,0.5
1724,2724995738,0.992682642341
1725,274730101,1.0
1726,755809645,0.999945666947
1727,519726229,1.0
1728,85413907,1.0
1729,2898424491,1.0
1730,123722632,1.0
1731,1688948352,1.0
1732,234199164,0.999945666947
1733,703064988404093000,1.0
1734,747535717291680000,0.999999999978
1735,366769418,1.0
1736,559054247,1.0
1737,736294050177880000,1.0
1738,2458526748,1.0
1739,2417242165,1.0
1740,1711796526,0.5
1741,25253027,1.0
1742,98261213,1.0
1743,45435064,1.0
1744,54449164,0.999999997048
1745,756366775,1.0
1746,37876327,1.0
1747,145743067,1.0
1748,3323846369,1.0
1749,939295340,1.0
1750,377882435,1.0
1751,2741472497,0.5
1752,4844306849,1.0
1753,20885055,1.0
1754,21162677,1.0
1755,36481783,1.0
1756,451868190,1.0
1757,736748336183530000,1.0
1758,770052362429985000,1.0
1759,540322428,0.999999599473
1760,127643297,1.0
1761,605214702,1.0
1762,1951779469,1.0
1763,523689559,1.0
1764,216882740,1.0
1765,762888537758773000,1.0
1766,10332552,0.999999997048
1767,3865222600,0.999999997048
1768,210375833,1.0
1769,196910231,1.0
1770,278697818,1.0
1771,411905122,1.0
1772,759981785598099000,1.0
1773,2274342984,1.0
1774,320637873,1.0
1775,4900684676,0.999999599473
1776,2272202953,1.0
1777,2991038193,1.0
1778,3727775233,1.0
1779,1231726628,1.0
1780,1074227108,1.0
1781,529726416,1.0
1782,1054183573,0.992682642341
1783,150097325,1.0
1784,490009280,1.0
1785,699657876692988000,1.0
1786,477004891,0.992682642341
1787,112761668,0.999999999978
1788,1185117097,1.0
1789,4299867461,1.0
1790,235980098,1.0
1791,317997653,1.0
1792,153273385,1.0
1793,877938277,0.992682642341
1794,736705849561907000,1.0
1795,17430344,1.0
1796,977110862,1.0
1797,2998313151,1.0
1798,4641253032,1.0
1799,30587377,1.0
1800,122875841,0.999999599473
1801,46984818,1.0
1802,42757591,1.0
1803,42582125,0.999999997048
1804,3187201582,1.0
1805,1570165404,1.0
1806,21355917,1.0
1807,140084834,1.0
1808,2249693318,1.0
1809,739220021713502000,0.999999999978
1810,749304024491590000,1.0
1811,2847643809,1.0
1812,71439157,1.0
1813,182569220,0.999999599473
1814,2967875189,1.0
1815,282329159,1.0
1816,786380316,0.999999997048
1817,508702578,0.999999997048
1818,3159000243,1.0
1819,45390020,1.0
1820,789350768,1.0
1821,2570785907,1.0
1822,729509608411173000,1.0
1823,300439076,0.999999997048
1824,20314842,1.0
1825,50535572,1.0
1826,777746,1.0
1827,2931358151,0.999999999978
1828,124422558,0.999999997048
1829,447247842,1.0
1830,448472864,1.0
1831,2986508341,1.0
1832,3635249055,1.0
1833,231987046,1.0
1834,2983012770,1.0
1835,27832401,1.0
1836,201242885,1.0
1837,24740897,0.5
1838,51859432,1.0
1839,2419723352,1.0
1840,72706927,1.0
1841,915391646,0.992682642341
1842,207653699,1.0
1843,381740158,1.0
1844,769946261038314000,0.992682642341
1845,1283763853,1.0
1846,430911397,1.0
1847,338764335,1.0
1848,2825240378,1.0
1849,4758269662,1.0
1850,735871070905893000,1.0
1851,278494366,1.0
1852,559400567,1.0
1853,2540667343,1.0
1854,732015494471897000,1.0
1855,488042610,1.0
1856,188108462,1.0
1857,2857472169,1.0
1858,1897925810,1.0
1859,793539799,0.5
1860,952747860,0.5
1861,18471611,1.0
1862,435289375,1.0
1863,69460261,1.0
1864,16529399,1.0
1865,2730452974,1.0
1866,3006639335,1.0
1867,1612843778,1.0
1868,776643973,1.0
1869,47619187,1.0
1870,151185738,1.0
1871,3408051797,1.0
1872,3373334471,1.0
1873,3637198461,1.0
1874,389814347,1.0
1875,190947132,1.0
1876,756582156701500000,1.0
1877,118614581,0.5
1878,124600462,1.0
1879,3062891501,1.0
1880,25884759,0.999999997048
1881,2285182753,1.0
1882,711497892,0.999945666947
1883,147719272,1.0
1884,163511982,1.0
1885,4157697879,1.0
1886,50226542,0.5
1887,395799188,1.0
1888,33846374,1.0
1889,775224992,1.0
1890,740615791733842000,1.0
1891,1161080954,1.0
1892,1685423414,1.0
1893,289775050,1.0
1894,583902727,1.0
1895,225096034,1.0
1896,337574000,1.0
1897,1495849832,1.0
1898,1423446110,1.0
1899,1488748465,1.0
1900,3368220580,0.999945666947
1901,1850112786,1.0
1902,308122777,1.0
1903,386866617,1.0
1904,281083017,1.0
1905,2475552362,0.992682642341
1906,378309820,1.0
1907,140872253,1.0
1908,399232114,1.0
1909,705591620586992000,0.999999599473
1910,221589786,0.5
1911,2499437332,1.0
1912,2889854508,1.0
1913,41140854,1.0
1914,1117771417,1.0
1915,720408187682165000,0.999999599473
1916,1468616365,1.0
1917,3017263435,1.0
1918,2502611911,1.0
1919,237314259,1.0
1920,761354192522928000,1.0
1921,1612828141,1.0
1922,133465704,0.5
1923,2829402252,1.0
1924,57065661,1.0
1925,1632910867,1.0
1926,22926804,0.999999999978
1927,2601034658,1.0
1928,1345161588,1.0
1929,169837453,1.0
1930,441940911,1.0
1931,2350808685,1.0
1932,399888697,1.0
1933,52155435,0.5
1934,2521007402,0.999945666947
1935,1313904355,0.999999599473
1936,751917238882492000,1.0
1937,367849529,0.992682642341
1938,119479226,1.0
1939,15413409,1.0
1940,3362815161,1.0
1941,454785604,1.0
1942,461355747,1.0
1943,2349323274,1.0
1944,20374692,1.0
1945,244264813,1.0
1946,3039462868,1.0
1947,1169771298,1.0
1948,1064842616,1.0
1949,375511984,1.0
1950,44592420,1.0
1951,3065747355,1.0
1952,756779257095868000,1.0
1953,40613666,1.0
1954,2540387936,1.0
1955,397872036,1.0
1956,998384131,1.0
1957,2589386138,1.0
1958,574001569,0.992682642341
1959,26069773,1.0
1960,42880940,0.999999999978
1961,2759005147,1.0
1962,1267368488,1.0
1963,2890961,1.0
1964,763101499,1.0
1965,2798788308,1.0
1966,107891489,1.0
1967,711815845001830000,1.0
1968,702725591775080000,1.0
1969,2685878258,1.0
1970,27462037,0.992682642341
1971,762803160863871000,1.0
1972,78966822,0.999999599473
1973,9836372,1.0
1974,1415951905,1.0
1975,361860833,1.0
1976,712273622757462000,1.0
1977,50317623,1.0
1978,174046133,1.0
1979,726946872,1.0
1980,2157872805,1.0
1981,559852673,1.0
1982,26459802,1.0
1983,7695282,1.0
1984,313553324,1.0
1985,1704502044,1.0
1986,4831421953,0.999945666947
1987,434478839,1.0
1988,560925171,1.0
1989,366136414,1.0
1990,2937333332,1.0
1991,278642098,0.999999599473
1992,435231062,1.0
1993,354029051,1.0
1994,6229792,1.0
1995,4501625773,1.0
1996,2426355661,1.0
1997,1890370992,0.5
1998,62345285,0.999945666947
1999,4873402281,1.0
2000,4763924052,1.0
2001,22372682,1.0
2002,743129659999703000,0.5
2003,19848558,0.999999997048
2004,709483704171651000,1.0
2005,4918383432,1.0
2006,641783,1.0
2007,2305904960,0.999945666947
2008,715693033899987000,1.0
2009,251085032,1.0
2010,561715578,1.0
2011,1616056592,1.0
2012,31666998,1.0
2013,26667772,1.0
2014,1113404406,1.0
2015,319718326,0.5
2016,176669222,1.0
2017,506695149,1.0
2018,3026557585,1.0
2019,22509971,1.0
2020,734411294846165000,1.0
2021,750684705750590000,1.0
2022,165901531,1.0
2023,14641347,0.999999997048
2024,18999995,0.999999999978
2025,712702478,0.992682642341
2026,722938036611346000,0.992682642341
2027,1670998302,0.999945666947
2028,37083567,1.0
2029,299972822,0.5
2030,755511284100129000,1.0
2031,279184159,1.0
2032,2959996658,1.0
2033,765376043171582000,1.0
2034,2413054291,1.0
2035,2237010824,1.0
2036,322889065,1.0
2037,766520630204174000,0.5
2038,52368273,1.0
2039,3146693226,1.0
2040,1489436102,0.5
2041,2508510204,1.0
2042,1445124090,1.0
2043,219595705,1.0
2044,2474211469,1.0
2045,58086957,1.0
2046,4204842313,1.0
2047,2824993374,1.0
2048,24207888,1.0
2049,156830081,1.0
2050,20769644,1.0
2051,760452643,0.999999997048
2052,55834541,1.0
2053,82200740,0.5
2054,2252518376,1.0
2055,19209332,1.0
2056,415645078,1.0
2057,2955880158,1.0
2058,632974868,0.992682642341
2059,569635263,1.0
2060,719643444226855000,0.999999997048
2061,17202851,0.5
2062,1716185869,1.0
2063,26907962,0.5
2064,4348357752,1.0
2065,778976910,1.0
2066,3094816819,1.0
2067,95398415,1.0
2068,34613,0.999945666947
2069,206100644,1.0
2070,1706009444,1.0
2071,205776964,1.0
2072,3917376253,0.5
2073,24527700,0.999999999978
2074,14379793,1.0
2075,228915951,1.0
2076,62355946,1.0
2077,2753393310,1.0
2078,460950240,1.0
2079,30600336,1.0
2080,702923312578454000,1.0
2081,2940590395,0.999999999978
2082,370104327,1.0
2083,2879698817,1.0
2084,627453280,0.999945666947
2085,2262833876,0.999999999978
2086,171616348,1.0
2087,2393088456,1.0
2088,299076804,1.0
2089,3233047070,1.0
2090,244721174,1.0
2091,2934836655,1.0
2092,22314070,1.0
2093,3171351696,1.0
2094,3103884385,1.0
2095,324079926,1.0
2096,19822599,1.0
2097,4172222479,0.5
2098,145838509,1.0
2099,298242493,1.0
2100,1000616990,1.0
2101,3171353797,1.0
2102,120685954,1.0
2103,1115902459,1.0
2104,312872953,0.992682642341
2105,761120509186544000,0.999999999978
2106,35607021,1.0
2107,756258507398058000,1.0
2108,2883170222,1.0
2109,62421237,1.0
2110,595072337,1.0
2111,1148800400,1.0
2112,10257602,0.5
2113,3240094249,1.0
2114,4646399301,1.0
2115,4733951606,1.0
2116,3292633706,1.0
2117,4277765362,1.0
2118,350529319,0.999999999978
2119,96220020,1.0
2120,583323210,1.0
2121,3336173087,0.992682642341
2122,17931111,0.999999599473
2123,757353667,1.0
2124,754058167366017000,1.0
2125,15704888,1.0
2126,2533535581,1.0
2127,102141343,1.0
2128,898951868,1.0
2129,2783646858,1.0
2130,75825173,0.992682642341
2131,295655150,1.0
2132,4697625296,1.0
2133,1071327042,1.0
2134,3785865701,1.0
2135,2781397346,1.0
2136,1445595842,1.0
2137,176657599,1.0
2138,110817442,1.0
2139,738609023130305000,1.0
2140,3114188162,0.5
2141,1400741190,1.0
2142,108563414,1.0
2143,720166997,1.0
2144,629807032,1.0
2145,170050738,1.0
2146,316125435,1.0
2147,2682310200,1.0
2148,14267474,0.999999999978
2149,77011382,1.0
2150,153153637,0.992682642341
2151,16462029,1.0
2152,57982371,1.0
2153,2646609271,1.0
2154,42637832,1.0
2155,240352121,0.992682642341
2156,294179891,1.0
2157,210207633,1.0
2158,525686758,1.0
2159,770189192563491000,0.999945666947
2160,2721749666,0.999999997048
2161,711302221,0.5
2162,531481529,0.5
2163,3291497782,0.992682642341
2164,39936221,0.992682642341
2165,563200835,1.0
2166,625732003,1.0
2167,18851852,1.0
2168,392423237,1.0
2169,19924489,1.0
2170,50285684,1.0
2171,39080453,1.0
2172,134247304,1.0
2173,103120625,1.0
2174,756555103591596000,0.999945666947
2175,1858384345,0.5
2176,53725832,1.0
2177,28196367,1.0
2178,57598799,0.992682642341
2179,16312580,1.0
2180,4427453894,1.0
2181,19231218,1.0
2182,377641359,1.0
2183,3442089675,1.0
2184,729988709248995000,1.0
2185,181788336,1.0
2186,372103275,1.0
2187,449498303,1.0
2188,3091558617,1.0
2189,52484374,1.0
2190,48166039,1.0
2191,39347702,1.0
2192,2480418022,1.0
2193,42597215,1.0
2194,228767187,1.0
2195,2443876691,1.0
2196,55740422,1.0
2197,11957202,1.0
2198,31326445,1.0
2199,1477717700,0.999945666947
2200,2491639206,1.0
2201,1255774800,1.0
2202,3015276131,1.0
2203,1140898176,1.0
2204,116452661,1.0
2205,48991153,1.0
2206,16867009,1.0
2207,4513286056,0.992682642341
2208,4698578509,1.0
2209,1015056487,0.5
2210,2834686755,1.0
2211,4833673779,1.0
2212,771544817566265000,0.992682642341
2213,332895952,0.5
2214,14499672,0.5
2215,1576757317,1.0
2216,3422177415,1.0
2217,140797358,1.0
2218,746085551854391000,1.0
2219,1699160054,1.0
2220,123546164,0.999945666947
2221,85491566,1.0
2222,4747464556,1.0
2223,751088636259660000,0.999945666947
2224,702582734691021000,0.999945666947
2225,138214713,1.0
2226,701725963,0.5
2227,64477734,1.0
2228,546816334,1.0
2229,2331967014,0.999999997048
2230,3001435964,0.999999997048
2231,1967710746,1.0
2232,739751262,0.5
2233,925075028,0.5
2234,4439086158,0.999999599473
2235,7610172,1.0
2236,4123684583,1.0
2237,21072539,1.0
2238,540478679,1.0
2239,242764573,1.0
2240,168523760,1.0
2241,2866473570,1.0
2242,3060889725,0.992682642341
2243,76181029,1.0
2244,136872430,0.5
2245,209830934,1.0
2246,7768022,1.0
2247,626647378,1.0
2248,2149452847,1.0
2249,32248199,1.0
2250,731700979767206000,1.0
2251,24015478,1.0
2252,18965696,0.999999997048
2253,90472708,1.0
2254,236410623,1.0
2255,3255610699,1.0
2256,621282503,1.0
2257,312416017,1.0
2258,37008415,0.999945666947
2259,1123511060,0.5
2260,193739669,1.0
2261,734769297860493000,1.0
2262,49631026,1.0
2263,88732694,1.0
2264,617294581,1.0
2265,2424593916,1.0
2266,2800549579,1.0
2267,286844269,1.0
2268,390450816,1.0
2269,3480371,1.0
2270,41539897,0.999999599473
2271,3383165391,0.999999999978
2272,226958982,1.0
2273,162847842,1.0
2274,2768691391,1.0
2275,359942629,1.0
2276,2592967171,1.0
2277,3295661638,1.0
2278,902884350,1.0
2279,591534998,1.0
2280,2229147884,1.0
2281,121580077,1.0
2282,762886597356335000,1.0
2283,578343024,1.0
2284,805444549,0.999999599473
2285,1030276470,0.992682642341
2286,2342658072,1.0
2287,431313504,1.0
2288,468199166,1.0
2289,753569081584792000,1.0
2290,401947028,1.0
2291,3100548100,1.0
2292,198756539,1.0
2293,2341064798,1.0
2294,2483697110,0.5
2295,1355066786,1.0
2296,1517968112,1.0
2297,84729683,1.0
2298,3344414788,1.0
2299,2259193678,1.0
2300,1450279496,1.0
2301,2681854980,1.0
2302,234144595,0.999999999978
2303,21972462,0.992682642341
2304,721035053120102000,0.999945666947
2305,626530199,1.0
2306,23626951,1.0
2307,2818586300,1.0
2308,47779831,1.0
2309,32813155,1.0
2310,437652184,1.0
2311,307007783,1.0
2312,2334463335,1.0
2313,4725256608,1.0
2314,725856181525180000,0.5
2315,273757472,1.0
2316,710585555239580000,1.0
2317,712084577087595000,1.0
2318,722460714,1.0
2319,595694544,1.0
2320,4876627638,1.0
2321,23831682,1.0
2322,231936524,0.992682642341
2323,2567883715,1.0
2324,745710384,0.992682642341
2325,3310839993,1.0
2326,2335219752,1.0
2327,1287456367,1.0
2328,206822202,1.0
2329,99779227,1.0
2330,16415588,0.5
2331,24005500,1.0
2332,353864817,1.0
2333,730849173457797000,1.0
2334,203480921,1.0
2335,1373628060,1.0
2336,373059878,1.0
2337,85153219,1.0
2338,202966584,1.0
2339,160103563,0.5
2340,730844450524660000,1.0
2341,414159366,1.0
2342,1272572184,0.999999997048
2343,252196811,1.0
2344,2548554690,1.0
2345,114064138,1.0
2346,768225621294010000,1.0
2347,805754077,1.0
2348,594594544,1.0
2349,3526603276,1.0
2350,1202491862,1.0
2351,3733606463,1.0
2352,30218147,1.0
2353,47961240,1.0
2354,2481825070,0.5
2355,10437422,1.0
2356,1556284093,1.0
2357,3430744505,1.0
2358,559714585,1.0
2359,3172370196,0.992682642341
2360,2957774818,1.0
2361,2220241082,0.999999997048
2362,2443404346,1.0
2363,605956445,1.0
2364,1433807610,0.999999999978
2365,270152253,1.0
2366,37651488,0.999945666947
2367,6433472,1.0
2368,2883115591,1.0
2369,228777364,1.0
2370,320621944,0.999999997048
2371,2362874950,1.0
2372,3078289295,1.0
2373,3288621369,1.0
2374,72265486,0.992682642341
2375,2281250267,1.0
2376,727384897,1.0
2377,3319785263,1.0
2378,2826281415,1.0
2379,2172549780,1.0
2380,176492524,1.0
2381,353333156,1.0
2382,3798292336,0.999999999978
2383,759544161099973000,1.0
2384,458534993,0.999999599473
2385,120677327,0.992682642341
2386,2480478973,0.999945666947
2387,17124747,1.0
2388,2210820503,0.5
2389,1678687567,1.0
2390,2981255627,1.0
2391,2152963061,0.999999999978
2392,3334948011,1.0
2393,149278256,0.999945666947
2394,736632858,0.999999599473
2395,1007065598,1.0
2396,3302972869,1.0
2397,124291925,1.0
2398,2717125168,1.0
2399,740293216646234000,0.999999599473
2400,18175886,1.0
2401,50498108,1.0
2402,706907280126698000,1.0
2403,19543893,1.0
2404,179160948,1.0
2405,1921963310,1.0
2406,334920890,1.0
2407,14543329,1.0
2408,753351980,1.0
2409,1717489250,1.0
2410,279617415,1.0
2411,4761849316,1.0
2412,2865470504,1.0
2413,3353185817,1.0
2414,41022168,1.0
2415,731548465885553000,1.0
2416,607662702,1.0
2417,221602176,1.0
2418,634931577,1.0
2419,272722766,1.0
2420,350176234,1.0
2421,140507179,1.0
2422,259525295,0.999999599473
2423,18298473,1.0
2424,66889520,1.0
2425,4229163210,1.0
2426,361336354,1.0
2427,955968030,1.0
2428,3098495714,1.0
2429,3806412387,1.0
2430,1888344325,1.0
2431,1906936332,1.0
2432,1035494498,1.0
2433,2438985816,1.0
2434,3065732877,1.0
2435,217478984,1.0
2436,765662873959948000,1.0
2437,2394704761,1.0
2438,717088488378798000,1.0
2439,763480300840112000,1.0
2440,4825344531,1.0
2441,835878942,1.0
2442,1408956961,1.0
2443,416492580,1.0
2444,146637654,1.0
2445,483057195,1.0
2446,717856499066778000,1.0
2447,743378196284871000,1.0
2448,115246953,1.0
2449,756958920673993000,1.0
2450,17323542,1.0
2451,2458452872,1.0
2452,117473499,1.0
2453,727596282,1.0
2454,739884617675772000,1.0
2455,15489728,0.999945666947
2456,985569306,1.0
2457,589301835,1.0
2458,321510193,1.0
2459,3342169571,1.0
2460,1576767338,1.0
2461,163716231,0.992682642341
2462,362767637,1.0
2463,19174054,1.0
2464,255238379,1.0
2465,503179906,1.0
2466,759607245306860000,1.0
2467,241035998,1.0
2468,2372681,1.0
2469,372319152,1.0
2470,2738502779,1.0
2471,4175285739,0.5
2472,388842732,1.0
2473,137958291,1.0
2474,127063127,1.0
2475,1613929903,1.0
2476,57108843,1.0
2477,761722460882497000,0.999999997048
2478,404061133,1.0
2479,3054539805,1.0
2480,21276631,1.0
2481,14170924,1.0
2482,8121732,1.0
2483,2824195797,0.5
2484,4157021308,0.999945666947
2485,256656525,1.0
2486,36227175,1.0
2487,4852709560,1.0
2488,711318668496343000,1.0
2489,10899812,1.0
2490,1424688264,1.0
2491,280813408,1.0
2492,961903284,1.0
2493,4001880209,1.0
2494,14270396,1.0
2495,385612920,1.0
2496,722934731323499000,1.0
2497,1977664993,1.0
2498,93221184,1.0
2499,981600025,1.0
2500,24618825,0.999945666947
2501,245915556,1.0
2502,2931353854,1.0
2503,3111671826,1.0
2504,378729354,1.0
2505,2602382456,1.0
2506,105026655,1.0
2507,740674313624408000,0.999945666947
2508,729714873005842000,1.0
2509,464717588,1.0
2510,2620171111,1.0
2511,3221486526,1.0
2512,21173036,1.0
2513,15844248,1.0
2514,25651133,1.0
2515,2329787065,1.0
2516,2282724607,1.0
2517,3185276955,1.0
2518,620631868,1.0
2519,288064063,1.0
2520,871165706,1.0
2521,1684991617,1.0
2522,2848298899,1.0
2523,15822397,1.0
2524,990444793,1.0
2525,429678464,1.0
2526,203236572,1.0
2527,4198330992,1.0
2528,576459261,1.0
2529,751946628584669000,1.0
2530,770805877779685000,1.0
2531,3017877402,1.0
2532,712442801011745000,1.0
2533,2620782462,0.5
2534,228221721,1.0
2535,3341204893,1.0
2536,210349060,0.999945666947
2537,3441320663,1.0
2538,621459634,1.0
2539,969620479,1.0
2540,374227012,0.5
2541,3184593182,1.0
2542,535028838,1.0
2543,22245504,1.0
2544,2193607554,1.0
2545,70202730,1.0
2546,273541388,1.0
2547,734683015629144000,1.0
2548,731781896,1.0
2549,2441313791,1.0
2550,2517902817,0.999945666947
2551,568101945,0.999999599473
2552,485596862,1.0
2553,1896095312,1.0
2554,30438282,1.0
2555,3169241736,1.0
2556,711589807,1.0
2557,34859088,1.0
2558,378046193,0.992682642341
2559,490001159,1.0
2560,20374403,1.0
2561,65320950,1.0
2562,3428439010,1.0
2563,2904535895,1.0
2564,1707393254,1.0
2565,1532893256,1.0
2566,2326014774,1.0
2567,14260458,0.5
2568,2826482789,1.0
2569,706903160061698000,0.999945666947
2570,3261029736,1.0
2571,3732202573,1.0
2572,2248001149,1.0
2573,96712382,0.5
2574,736296679784210000,1.0
2575,2903937671,1.0
2576,448628409,1.0
2577,106390262,1.0
2578,1308876013,0.5
2579,1604445943,1.0
2580,96755610,1.0
2581,2497345790,1.0
2582,414432763,1.0
2583,1479186187,0.5
2584,339902143,1.0
2585,74089046,1.0
2586,1216233500,1.0
2587,2939268140,0.992682642341
2588,709953057593827000,1.0
2589,1034530897,1.0
2590,876153242,1.0
2591,86891032,1.0
2592,135601649,1.0
2593,24818420,1.0
2594,2973783706,0.992682642341
2595,2147681478,1.0
2596,2487445255,1.0
2597,608908302,1.0
2598,375926176,0.5
2599,763730200517411000,1.0
2600,2240825388,1.0
2601,133378175,0.999945666947
2602,962885768,0.999999599473
2603,540575373,1.0
2604,2603538532,1.0
2605,2384126443,1.0
2606,906670130,1.0
2607,1284633590,1.0
2608,126239269,0.5
2609,1866292458,1.0
2610,3037291265,1.0
2611,1220276408,1.0
2612,56900434,1.0
2613,2540570083,0.992682642341
2614,3037025101,1.0
2615,154473398,1.0
2616,159044508,0.5
2617,769212441322361000,0.5
2618,540169555,1.0
2619,496616165,1.0
2620,167923795,0.992682642341
2621,592575973,1.0
2622,780705349,1.0
2623,3266157211,1.0
2624,105858265,1.0
2625,83925749,1.0
2626,797584459,0.999999999978
2627,746801028,1.0
2628,1582267958,0.999999999978
2629,2212325743,1.0
2630,755560810735215000,0.992682642341
2631,570121611,1.0
2632,961235252,1.0
2633,595969138,1.0
2634,2920092395,0.992682642341
2635,893019877,1.0
2636,2896361373,1.0
2637,1376724667,1.0
2638,3036440986,1.0
2639,256786078,0.992682642341
2640,777333,1.0
2641,2290037805,1.0
2642,488145600,0.999999599473
2643,283095235,0.992682642341
2644,259750094,1.0
2645,84773257,1.0
2646,92201992,1.0
2647,131857192,1.0
2648,742726719505715000,0.999945666947
2649,1262728608,1.0
2650,755011283016188000,1.0
2651,4893906194,1.0
2652,50966493,1.0
2653,2886983705,1.0
2654,16437753,1.0
2655,321483279,1.0
2656,3152452212,1.0
2657,359211782,0.5
2658,192580012,1.0
2659,190798660,1.0
2660,375578307,0.992682642341
2661,184273028,1.0
2662,19375767,0.999999997048
2663,14608191,1.0
2664,291512895,0.999999997048
2665,224251617,1.0
2666,4657255531,1.0
2667,4132395435,1.0
2668,36007578,1.0
2669,16155339,1.0
2670,604151908,1.0
2671,3180902276,1.0
2672,43251142,1.0
2673,881867904,1.0
2674,837152887,0.992682642341
2675,2298136970,1.0
2676,2267223408,0.999999599473
2677,3510343105,1.0
2678,703971356,1.0
2679,715019616,1.0
2680,43456595,1.0
2681,3182050076,1.0
2682,36299128,1.0
2683,123833376,1.0
2684,3047445618,0.999999997048
2685,3312802596,1.0
2686,1491469646,1.0
2687,242830322,1.0
2688,396581938,1.0
2689,14362744,1.0
2690,42750397,0.999999599473
2691,20578232,1.0
2692,46322647,1.0
2693,380411894,1.0
2694,103023796,1.0
2695,1216853216,1.0
2696,1226731554,0.992682642341
2697,33144099,0.999945666947
2698,35918787,1.0
2699,261012212,1.0
2700,20067579,1.0
2701,279311017,1.0
2702,2865143788,1.0
2703,103747860,1.0
2704,709133028384219000,1.0
2705,2151770299,1.0
2706,200390054,1.0
2707,3007052863,1.0
2708,18221553,1.0
2709,2244974820,1.0
2710,84027978,1.0
2711,132720395,1.0
2712,81442533,1.0
2713,299223817,1.0
2714,2202672972,1.0
2715,437264672,1.0
2716,365910359,1.0
2717,745416445937386000,1.0
2718,342422444,1.0
2719,52110698,0.999945666947
2720,395706319,1.0
2721,257194963,0.5
2722,489303432,1.0
2723,180108165,0.999945666947
2724,2535904671,0.5
2725,4872974799,1.0
2726,2717578897,1.0
2727,14233941,1.0
2728,2172288098,1.0
2729,956324941,1.0
2730,244249907,1.0
2731,55118651,0.992682642341
2732,1873630346,0.992682642341
2733,2393238757,1.0
2734,3228505381,1.0
2735,247144178,1.0
2736,263012567,1.0
2737,10172872,1.0
2738,3436137508,1.0
2739,2734856359,1.0
2740,1188536304,1.0
2741,3229327545,1.0
2742,1622208362,1.0
2743,3176927432,1.0
2744,768806859390095000,1.0
2745,4912062641,0.999999997048
2746,2334280922,1.0
2747,754027806321934000,1.0
2748,136494317,1.0
2749,277669763,1.0
2750,120205660,0.5
2751,773730930,1.0
2752,2279221008,1.0
2753,195520022,1.0
2754,768806816079684000,1.0
2755,747051806,1.0
2756,463550551,1.0
2757,4408146391,1.0
2758,459891058,0.999999999978
2759,348843518,1.0
2760,1038822474,0.5
2761,2403397504,0.992682642341
2762,251898459,1.0
2763,2636519536,0.999999997048
2764,22279004,0.5
2765,197508850,0.992682642341
2766,2831935030,1.0
2767,46565683,1.0
2768,4861782004,1.0
2769,427222241,1.0
2770,19481275,1.0
2771,1441963374,1.0
2772,736713693585629000,1.0
2773,2738268218,1.0
2774,151420956,1.0
2775,52143464,1.0
2776,3344056888,1.0
2777,946509404,0.5
2778,230072165,1.0
2779,35493552,1.0
2780,47696124,1.0
2781,714613237,1.0
2782,28227844,1.0
2783,3845243117,1.0
2784,3156705831,1.0
2785,214277992,1.0
2786,39490974,0.999945666947
2787,129677996,1.0
2788,218867247,0.992682642341
2789,32889193,1.0
2790,174030094,1.0
2791,3975146625,1.0
2792,185627597,1.0
2793,114964142,1.0
2794,41158434,1.0
2795,3066206409,1.0
2796,258696184,1.0
2797,76212419,0.999945666947
2798,170917268,1.0
2799,212478476,1.0
2800,17535206,1.0
2801,3391329856,1.0
2802,34453292,1.0
2803,727606486017430000,0.999999999978
2804,332162085,1.0
2805,1627444592,1.0
2806,22041834,1.0
2807,2448645294,1.0
2808,2390626435,0.999999997048
2809,23948704,1.0
2810,41382600,0.999999997048
2811,60882812,1.0
2812,39764957,1.0
2813,1616661272,1.0
2814,17567148,1.0
2815,210996506,1.0
2816,759104723135762000,1.0
2817,233341199,1.0
2818,2415860681,1.0
2819,275433948,1.0
2820,41844227,0.5
2821,3837256637,1.0
2822,463369176,0.5
2823,204391039,1.0
2824,15742406,1.0
2825,481514006,0.5
2826,29459373,1.0
2827,208285090,1.0
2828,407799877,1.0
2829,259551083,1.0
2830,317380271,1.0
2831,3244487880,1.0
2832,374323205,0.992682642341
2833,457782981,1.0
2834,59741454,1.0
2835,102951946,1.0
2836,4208984052,1.0
2837,208532036,1.0
2838,1244775156,1.0
2839,84081840,0.999945666947
2840,3932484133,0.999945666947
2841,310595534,0.5
2842,278812963,1.0
2843,960340381,1.0
2844,3322447790,1.0
2845,14825712,0.5
2846,732225598769246000,1.0
2847,47672146,1.0
2848,4281039917,1.0
2849,19926495,1.0
2850,2961030915,1.0
2851,4412856557,1.0
2852,421553976,1.0
2853,726447784178553000,1.0
2854,51043838,1.0
2855,24226208,1.0
2856,550997719,1.0
2857,527533053,1.0
2858,418423473,0.5
2859,711415438954111000,1.0
2860,3716054777,1.0
2861,504534944,0.992682642341
2862,1737999121,0.5
2863,125471065,0.999945666947
2864,2963070580,1.0
2865,36430367,1.0
2866,361476085,1.0
2867,247564372,1.0
2868,27924304,1.0
2869,257037001,1.0
2870,769997454779511000,1.0
2871,235712374,0.5
2872,2224463473,1.0
2873,171058369,1.0
2874,504603948,1.0
2875,768573044692484000,1.0
2876,1040142109,0.992682642341
2877,4879234265,0.999999997048
2878,717750394504372000,0.999945666947
2879,62643721,1.0
2880,3788355033,1.0
2881,244167380,1.0
2882,21691269,1.0
2883,1549509126,1.0
2884,2236886322,1.0
2885,52766177,1.0
2886,22687348,1.0
2887,20607518,1.0
2888,30970351,1.0
2889,25463438,1.0
2890,225676503,1.0
2891,49443497,1.0
2892,431242078,1.0
2893,3782210299,1.0
2894,219075031,1.0
2895,3427505652,1.0
2896,3240963794,0.999945666947
2897,759460248302260000,1.0
2898,2223205609,1.0
2899,2710337239,1.0
2900,598426897,1.0
2901,118593018,1.0
2902,600392096,0.999999999978
2903,28390854,1.0
2904,195840597,0.992682642341
2905,2658426114,1.0
2906,2716235946,1.0
2907,65424755,1.0
2908,3343432737,1.0
2909,23549825,1.0
2910,105261942,1.0
2911,851101501,1.0
2912,68570539,1.0
2913,17638810,1.0
2914,3704090716,1.0
2915,332354692,1.0
2916,42136764,0.5
2917,1966035204,1.0
2918,3141182748,1.0
2919,303059786,0.999999997048
2920,2423655005,1.0
2921,2746631712,0.5
2922,338418594,1.0
2923,24370026,1.0
2924,23414661,1.0
2925,63881090,1.0
2926,48826465,1.0
2927,599532695,1.0
2928,251884058,0.999999599473
2929,376119767,1.0
2930,231303698,1.0
2931,184071487,1.0
2932,2872367382,0.999945666947
2933,4194961733,1.0
2934,2282467710,1.0
2935,764423852722184000,1.0
2936,206317260,0.999945666947
2937,499486276,1.0
2938,1468731896,0.999999999978
2939,237476316,1.0
2940,51506962,0.5
2941,1628024203,1.0
2942,701475157882380000,1.0
2943,22085075,0.999945666947
2944,41613275,1.0
2945,846787897,0.999999997048
2946,170499144,1.0
2947,189819207,0.999945666947
2948,14624350,1.0
2949,54766625,0.5
2950,207498473,1.0
2951,611262619,0.992682642341
2952,702471469259891000,0.999999599473
2953,582768780,1.0
2954,262798253,1.0
2955,1453279590,0.5
2956,31713253,0.992682642341
2957,305890115,1.0
2958,19837725,1.0
2959,4843119340,1.0
2960,767535000443126000,1.0
2961,70854688,0.5
2962,1162227042,1.0
2963,2398500254,1.0
2964,35882564,1.0
2965,38333748,0.999999999978
2966,88136730,1.0
2967,862827162,1.0
2968,14403440,1.0
2969,3334832655,1.0
2970,437109971,1.0
2971,35341966,1.0
2972,717241192719770000,0.999945666947
2973,709742018629640000,1.0
2974,168666060,1.0
2975,3245698895,1.0
2976,247110602,1.0
2977,3053496066,1.0
2978,442332258,1.0
2979,15098614,1.0
2980,379184899,1.0
2981,726313217736069000,1.0
2982,97058716,1.0
2983,1969956277,1.0
2984,24815916,0.999945666947
2985,2193839816,1.0
2986,286929148,1.0
2987,2922079282,1.0
2988,501267380,1.0
2989,1947131372,1.0
2990,263319053,1.0
2991,2236558068,1.0
2992,1107291775,1.0
2993,1396154701,1.0
2994,3391541014,1.0
2995,706162365943800000,1.0
2996,58757569,1.0
2997,1144038152,1.0
2998,215462286,1.0
2999,371430357,0.999999999978
3000,633753027,1.0
3001,119165862,1.0
3002,1605701082,1.0
3003,2703213728,1.0
3004,2556024050,1.0
3005,3193696585,1.0
3006,17006506,1.0
3007,760749739071582000,1.0
3008,719596103549657000,1.0
3009,84180626,1.0
3010,4430138353,1.0
3011,3341773575,1.0
3012,14361665,1.0
3013,720978219135078000,0.5
3014,701172041156694000,0.999999997048
3015,3221009694,1.0
3016,488667691,1.0
3017,43514656,1.0
3018,79201254,1.0
3019,53686349,1.0
3020,58907367,1.0
3021,380659830,1.0
3022,1638854444,1.0
3023,2525258791,1.0
3024,3064096180,1.0
3025,2576115800,1.0
3026,2178473005,1.0
3027,1932155191,1.0
3028,544705993,1.0
3029,2815910491,0.5
3030,701788200113717000,0.999999999978
3031,597933100,1.0
3032,2536175736,1.0
3033,3292133749,1.0
3034,552250818,1.0
3035,248645037,1.0
3036,31350277,0.5
3037,705811844,1.0
3038,754087811817452000,1.0
3039,452751905,1.0
3040,230524222,1.0
3041,192210063,1.0
3042,2910238534,1.0
3043,3347409105,1.0
3044,1636489069,0.5
3045,3951174443,1.0
3046,25319225,1.0
3047,562562805,1.0
3048,2542430568,0.992682642341
3049,18196556,1.0
3050,15038887,1.0
3051,249305450,1.0
3052,112615087,1.0
3053,142947354,1.0
3054,734021259806269000,1.0
3055,334153311,1.0
3056,443209460,1.0
3057,20616599,1.0
3058,4871132045,0.5
3059,240444166,1.0
3060,162467961,0.999999997048
3061,499339270,0.999999997048
3062,1441908498,0.5
3063,28140348,1.0
3064,44678243,1.0
3065,3405913271,1.0
3066,88600427,1.0
3067,1074979003,1.0
3068,14673985,1.0
3069,24096404,0.999999999978
3070,134916505,1.0
3071,1669988136,1.0
3072,55095774,1.0
3073,52855198,1.0
3074,25045884,1.0
3075,4242655393,0.992682642341
3076,2959618687,1.0
3077,450871750,1.0
3078,114257587,1.0
3079,3238301162,1.0
3080,464167729,1.0
3081,2790934398,1.0
3082,512807128,1.0
3083,2840020314,1.0
3084,472972933,1.0
3085,37389909,1.0
3086,3223890818,1.0
3087,1314484064,0.992682642341
3088,260233285,1.0
3089,192748204,1.0
3090,706091952886788000,1.0
3091,2568561521,1.0
3092,745764225658851000,1.0
3093,161349582,0.999999997048
3094,2929352426,1.0
3095,905632466,0.999999599473
3096,96289479,1.0
3097,703853688,1.0
3098,519499096,1.0
3099,2988152481,1.0
3100,300044826,1.0
3101,713514790262542000,1.0
3102,3435030545,1.0
3103,47306993,0.999999997048
3104,161874455,1.0
3105,19295564,1.0
3106,313123566,1.0
3107,431157908,1.0
3108,228259784,1.0
3109,4317980115,0.5
3110,2603405264,1.0
3111,226778059,1.0
3112,3274705196,1.0
3113,2650092315,1.0
3114,726343474908267000,1.0
3115,705864332,0.5
3116,445937878,0.999999997048
3117,343862825,1.0
3118,730382370876969000,1.0
3119,2823103125,1.0
3120,865359386,1.0
3121,22311615,1.0
3122,726471846762300000,1.0
3123,155254814,0.992682642341
3124,22018656,1.0
3125,89759989,1.0
3126,1357453154,1.0
3127,2455595839,1.0
3128,719433162976338000,1.0
3129,255983488,1.0
3130,1431757855,1.0
3131,56449445,1.0
3132,4882596167,1.0
3133,226833778,0.999945666947
3134,4740845716,1.0
3135,1931208350,1.0
3136,14590019,1.0
3137,2931038932,1.0
3138,73312346,0.999999997048
3139,696717535673197000,1.0
3140,3170865355,0.992682642341
3141,2268717074,1.0
3142,1709707172,1.0
3143,871169502,1.0
3144,67802248,1.0
3145,1158333697,1.0
3146,482926091,0.999945666947
3147,1582203114,1.0
3148,714894214765482000,1.0
3149,126843810,1.0
3150,726978483386196000,0.5
3151,1587884424,1.0
3152,2701733665,1.0
3153,307234405,1.0
3154,94634081,1.0
3155,7036702,1.0
3156,2285433660,1.0
3157,3269129682,1.0
3158,3066113386,1.0
3159,2365054968,1.0
3160,750624400387432000,0.992682642341
3161,20553363,1.0
3162,451634690,1.0
3163,712273689908097000,1.0
3164,75947558,1.0
3165,19893796,1.0
3166,1143479850,1.0
3167,2181172856,1.0
3168,727273178,1.0
3169,745173624089281000,1.0
3170,1528193286,1.0
3171,381140899,1.0
3172,4591237936,0.5
3173,2793620926,1.0
3174,58514548,1.0
3175,4506802601,1.0
3176,27775310,0.999999997048
3177,2241492284,1.0
3178,4304859554,1.0
3179,705385786846261000,1.0
3180,23022374,1.0
3181,3518207597,0.999999999978
3182,2992312465,0.999999999978
3183,739710532769481000,1.0
3184,32688679,0.992682642341
3185,3326197378,1.0
3186,297074777,1.0
3187,368073621,1.0
3188,117271481,1.0
3189,59678134,0.992682642341
3190,3026501080,1.0
3191,1442090892,1.0
3192,736218549841105000,1.0
3193,45229498,0.999945666947
3194,62492880,1.0
3195,2426364973,1.0
3196,407294062,1.0
3197,6470942,1.0
3198,3311967115,1.0
3199,36271886,1.0
3200,1971864493,1.0
3201,4703680294,1.0
3202,2461040482,1.0
3203,24118528,1.0
3204,753004636181856000,1.0
3205,2375720719,1.0
3206,2436295858,1.0
3207,50157605,1.0
3208,120823877,1.0
3209,802537818,1.0
3210,326225556,0.999999997048
3211,2296531528,1.0
3212,320460665,0.5
3213,3074998218,1.0
3214,369528441,1.0
3215,254342484,1.0
3216,2556399740,1.0
3217,453171011,1.0
3218,2437538605,1.0
3219,1873162741,1.0
3220,737502378,1.0
3221,15887168,1.0
3222,766477683605774000,1.0
3223,96004780,1.0
3224,1058282330,1.0
3225,14620253,1.0
3226,1023305808,1.0
3227,3190262074,0.5
3228,735990687921930000,0.999999599473
3229,3158214711,1.0
3230,70784433,1.0
3231,622985387,0.5
3232,768594983247082000,1.0
3233,1384714711,1.0
3234,2959392170,1.0
3235,711468804,1.0
3236,2927424398,1.0
3237,715754056803828000,1.0
3238,89734835,1.0
3239,2923049045,1.0
3240,788591550,1.0
3241,2443465415,1.0
3242,3154786103,0.5
3243,15257802,1.0
3244,497371167,1.0
3245,2897026693,1.0
3246,44001129,1.0
3247,90905549,1.0
3248,728691882797077000,0.5
3249,2329502473,1.0
3250,766754159777358000,1.0
3251,2791631302,1.0
3252,755957803483673000,1.0
3253,52836192,1.0
3254,752359993,0.999945666947
3255,700011198,1.0
3256,1048396878,0.999999999978
3257,43834821,1.0
3258,717692852,1.0
3259,1205905501,1.0
3260,742952771964568000,1.0
3261,24636379,1.0
3262,456308679,1.0
3263,815841283,0.5
3264,25320880,1.0
3265,773376878,1.0
3266,2942645323,1.0
3267,38747832,1.0
3268,349992743,1.0
3269,281973171,0.5
3270,92680147,0.992682642341
3271,269001395,0.992682642341
3272,636019528,1.0
3273,2906361383,1.0
3274,24311134,1.0
3275,4891828210,1.0
3276,2348699708,1.0
3277,2914951809,0.999999997048
3278,25673037,1.0
3279,47569367,1.0
3280,562202944,1.0
3281,2984425764,1.0
3282,2275050577,1.0
3283,538334192,1.0
3284,2887861044,1.0
3285,4840564413,1.0
3286,110533666,1.0
3287,82564066,1.0
3288,377342106,1.0
3289,711572971370865000,1.0
3290,173443806,1.0
3291,237997084,1.0
3292,2362066322,1.0
3293,208275312,1.0
3294,1970162150,0.5
3295,51549380,1.0
3296,2975722854,1.0
3297,65112248,1.0
3298,2218648741,0.999945666947
3299,273286736,1.0
3300,17778123,1.0
3301,480142036,1.0
3302,247333515,1.0
3303,1562116494,1.0
3304,2392581163,1.0
3305,2812472155,1.0
3306,4898631652,1.0
3307,1271373648,0.992682642341
3308,727272498920825000,0.5
3309,485930257,1.0
3310,295445361,1.0
3311,2905142569,0.992682642341
3312,4839445629,0.999945666947
3313,3131666757,1.0
3314,304795131,1.0
3315,23831706,0.999999999978
3316,774386983,0.5
3317,3294013833,1.0
3318,51267340,1.0
3319,88488045,1.0
3320,18324199,0.999999599473
3321,1219907929,1.0
3322,1974509172,1.0
3323,535255535,0.999999999978
3324,1180929835,1.0
3325,24102642,1.0
3326,20019055,0.999999599473
3327,3221608640,0.5
3328,70926664,1.0
3329,750180112578916000,1.0
3330,357289101,1.0
3331,319212606,1.0
3332,21626292,1.0
3333,14595527,1.0
3334,176878849,1.0
3335,3950340793,1.0
3336,339596784,1.0
3337,163883921,0.999999997048
3338,839116598,1.0
3339,2867280401,1.0
3340,3195645870,1.0
3341,18319454,0.5
3342,2164176147,1.0
3343,285689796,1.0
3344,119069485,1.0
3345,146486811,1.0
3346,2305441716,1.0
3347,755780837904228000,1.0
3348,719941262577680000,1.0
3349,388841407,1.0
3350,9109432,0.992682642341
3351,1953184776,1.0
3352,40054563,0.999999997048
3353,62106491,1.0
3354,2975761149,0.999999599473
3355,27952839,1.0
3356,3035565753,1.0
3357,3282659082,0.5
3358,4349759493,1.0
3359,85536098,1.0
3360,769944950104556000,1.0
3361,1062080653,0.999999999978
3362,359737385,1.0
3363,832422451,1.0
3364,2262134043,1.0
3365,20190741,1.0
3366,850114778,1.0
3367,26017481,1.0
3368,465156590,1.0
3369,384146820,1.0
3370,101840281,1.0
3371,93002736,1.0
3372,199489786,1.0
3373,2290115942,1.0
3374,829030675,0.999999599473
3375,1675625755,1.0
3376,480896021,1.0
3377,698952576633442000,1.0
3378,2811943695,1.0
3379,187077481,1.0
3380,419835582,0.999945666947
3381,89832668,1.0
3382,25813196,1.0
3383,15534974,1.0
3384,3214330063,1.0
3385,332971856,1.0
3386,4499162476,1.0
3387,17502173,1.0
3388,3063436536,1.0
3389,14475720,1.0
3390,720676043707646000,1.0
3391,750518121274892000,1.0
3392,185220089,1.0
3393,15430647,1.0
3394,2845287677,1.0
3395,276865604,0.5
3396,30018678,1.0
3397,70462782,1.0
3398,2268229728,1.0
3399,1167046334,1.0
3400,97651005,1.0
3401,19337690,0.992682642341
3402,80995222,1.0
3403,2820980611,1.0
3404,719633420712866000,1.0
3405,734381719776833000,1.0
3406,2612290838,1.0
3407,2376283708,1.0
3408,3213437992,1.0
3409,3682924334,1.0
3410,355706969,1.0
3411,2895286800,0.999999999978
3412,3247036252,0.5
3413,575774086,0.999999999978
3414,4532921232,0.5
3415,154325432,1.0
3416,14523403,0.992682642341
3417,23450564,1.0
3418,2716900126,1.0
3419,183974161,1.0
3420,388277539,1.0
3421,1270179709,1.0
3422,767933274983240000,1.0
3423,45090529,1.0
3424,973704901,1.0
3425,14696408,1.0
3426,1705135783,1.0
3427,727177531,1.0
3428,4887296967,0.992682642341
3429,18790791,1.0
3430,1522601148,1.0
3431,716639705878630000,0.999945666947
3432,16267552,0.999999999978
3433,3051853684,1.0
3434,2205740928,1.0
3435,1608717930,1.0
3436,76828655,0.5
3437,245603051,1.0
3438,76098312,1.0
3439,730826456,1.0
3440,2427248630,1.0
3441,4865935815,1.0
3442,2666134009,1.0
3443,2215013102,0.992682642341
3444,748502072044056000,1.0
3445,763402944347722000,1.0
3446,1618856682,1.0
3447,756426481165795000,1.0
3448,713898001404662000,1.0
3449,719328279405040000,1.0
3450,737520000903184000,1.0
3451,15129014,1.0
3452,2500379641,1.0
3453,713414320844096000,1.0
3454,38085079,0.992682642341
3455,553532639,0.992682642341
3456,757817556036051000,1.0
3457,1197329834,1.0
3458,2174887676,1.0
3459,1309784233,1.0
3460,2477550035,1.0
3461,3323486992,1.0
3462,45013531,1.0
3463,2592830233,1.0
3464,613910781,1.0
3465,709632371142726000,1.0
3466,54367949,1.0
3467,22237383,1.0
3468,15603427,1.0
3469,1325757948,1.0
3470,738101195156247000,1.0
3471,3178186847,1.0
3472,829385172,0.999999599473
3473,102326322,0.992682642341
3474,165020784,1.0
3475,338033130,0.999999997048
3476,2556508866,1.0
3477,295842606,1.0
3478,3033742019,1.0
3479,92823945,1.0
3480,97967321,0.999945666947
3481,384569711,1.0
3482,175841049,1.0
3483,706748907674595000,1.0
3484,869323328,1.0
3485,124818986,0.5
3486,55068384,1.0
3487,122678458,1.0
3488,16829374,1.0
3489,1629951,1.0
3490,124881132,0.999999997048
3491,817166696,1.0
3492,156835619,1.0
3493,18088075,1.0
3494,2418178226,1.0
3495,88814000,1.0
3496,2891727997,1.0
3497,399140325,1.0
3498,21552059,1.0
3499,26335025,0.5
3500,2828734596,1.0
3501,238467173,1.0
3502,169018361,0.5
3503,864099871,1.0
3504,19758791,1.0
3505,2997190247,1.0
3506,3731310621,1.0
3507,170748163,1.0
3508,3044639554,1.0
3509,191248511,1.0
3510,1569409992,1.0
3511,35443845,1.0
3512,538509150,1.0
3513,16744409,1.0
3514,1458011430,0.5
3515,1646107873,0.999999999978
3516,752338824756212000,1.0
3517,2735292881,1.0
3518,1894817797,0.999999599473
3519,51292645,0.992682642341
3520,3102018654,1.0
3521,27784905,1.0
3522,273154119,1.0
3523,35537478,1.0
3524,179847348,1.0
3525,3028028722,1.0
3526,18528440,1.0
3527,170890164,0.999999599473
3528,173073316,1.0
3529,766176880370262000,1.0
3530,3000633886,0.5
3531,4888231637,1.0
3532,2225235251,1.0
3533,2541888637,1.0
3534,412410574,1.0
3535,2911171,1.0
3536,704760184715874000,1.0
3537,21178742,1.0
3538,745252717891887000,1.0
3539,3077331516,1.0
3540,29589708,1.0
3541,41348711,0.999999599473
3542,767497602338165000,0.5
3543,984719754,1.0
3544,3226839527,1.0
3545,283014020,1.0
3546,205958916,1.0
3547,623229230,1.0
3548,15540010,0.5
3549,213974505,1.0
3550,2586623095,1.0
3551,172538819,1.0
3552,331854146,1.0
3553,2151374299,1.0
3554,495000261,0.999999599473
3555,3036614356,1.0
3556,10716832,1.0
3557,742166389763375000,1.0
3558,18131988,1.0
3559,19189000,0.999999599473
3560,15036061,0.999999997048
3561,2365260128,1.0
3562,4723789273,1.0
3563,188965758,1.0
3564,24316175,1.0
3565,1652805367,1.0
3566,707825922607616000,1.0
3567,10350652,1.0
3568,2772141392,1.0
3569,2440114651,1.0
3570,4848233519,1.0
3571,3304579032,1.0
3572,1233221,0.992682642341
3573,389762049,1.0
3574,101418150,1.0
3575,1594390682,1.0
3576,3808417873,1.0
3577,73134421,1.0
3578,3166396683,1.0
3579,2741039840,1.0
3580,1689467726,1.0
3581,2876614118,0.999945666947
3582,68503636,0.999999599473
3583,724383247,1.0
3584,492555269,0.5
3585,67354584,0.999999999978
3586,564593733,1.0
3587,2766888684,0.5
3588,519936583,0.999999997048
3589,2440248500,1.0
3590,4032059773,1.0
3591,553159128,1.0
3592,3173030029,1.0
3593,1561088952,1.0
3594,107000272,0.999999997048
3595,4164315259,0.999999599473
3596,4908059299,1.0
3597,50488753,1.0
3598,4607853856,1.0
3599,18817130,1.0
3600,460669716,0.5
3601,939013010,1.0
3602,2725404058,1.0
3603,724772736149676000,1.0
3604,202011484,1.0
3605,175753632,0.5
3606,1027097174,1.0
3607,2260568774,1.0
3608,772667090,1.0
3609,214569575,1.0
3610,217718750,1.0
3611,1053303211,1.0
3612,90903009,1.0
3613,105735659,0.992682642341
3614,178616226,0.999945666947
3615,213476430,0.999999999978
3616,224628092,1.0
3617,602714946,0.999945666947
3618,725148237250724000,1.0
3619,19085178,1.0
3620,1709385494,1.0
3621,2999002649,1.0
3622,716084822330847000,1.0
3623,2800660249,1.0
3624,4885849701,1.0
3625,2358637605,0.5
3626,211820530,1.0
3627,37098553,1.0
3628,729463449923674000,1.0
3629,126196543,1.0
3630,46206696,1.0
3631,207288627,1.0
3632,2523501463,1.0
3633,76155389,1.0
3634,19356250,1.0
3635,2824994367,1.0
3636,181961089,1.0
3637,580523544,0.5
3638,241992892,1.0
3639,994484462,1.0
3640,3719747115,0.999999997048
3641,52966103,1.0
3642,931041392,1.0
3643,3305813933,1.0
3644,73036676,1.0
3645,412797352,1.0
3646,135330869,1.0
3647,383369240,1.0
3648,3456170353,0.5
3649,724648033355485000,1.0
3650,20109281,1.0
3651,2267770868,1.0
3652,1065525092,1.0
3653,2944863021,1.0
3654,272768200,1.0
3655,3058262259,1.0
3656,2823852620,0.999999599473
3657,26310392,0.5
3658,19259433,1.0
3659,20021768,1.0
3660,728737219649802000,1.0
3661,2637982209,1.0
3662,164530084,1.0
3663,2250687108,1.0
3664,282774517,1.0
3665,476355728,1.0
3666,104120964,0.999999599473
3667,771053716011188000,1.0
3668,223908057,1.0
3669,2271799994,1.0
3670,226406549,1.0
3671,148226677,0.992682642341
3672,3410376314,1.0
3673,18999641,1.0
3674,27574464,1.0
3675,217225436,0.999999599473
3676,105258162,1.0
3677,723547071341416000,1.0
3678,707035600474341000,1.0
3679,49062451,1.0
3680,3033251057,1.0
3681,65981801,1.0
3682,45965991,1.0
3683,443422962,0.5
3684,257918505,1.0
3685,4483837109,1.0
3686,14499851,1.0
3687,2849176637,1.0
3688,440296027,1.0
3689,2188311344,1.0
3690,164766595,1.0
3691,2964820257,1.0
3692,15867634,1.0
3693,459868806,1.0
3694,3351203620,0.999999599473
3695,3052738996,1.0
3696,2381387228,1.0
3697,59408520,1.0
3698,1645911709,1.0
3699,2472709399,1.0
3700,1425444068,1.0
3701,39349003,1.0
3702,3854963859,1.0
3703,1284903506,1.0
3704,2431097751,1.0
3705,67225979,0.999999997048
3706,4748709328,0.999945666947
3707,23276007,1.0
3708,248812064,1.0
3709,720945128,0.5
3710,240855035,1.0
3711,767502802184708000,1.0
3712,56704150,1.0
3713,3018312864,1.0
3714,376512830,1.0
3715,539868942,0.999999997048
3716,243631054,0.5
3717,1969920985,0.5
3718,219539279,1.0
3719,151823689,1.0
3720,58235406,1.0
3721,2887666739,1.0
3722,216365421,1.0
3723,1726104728,1.0
3724,1562426276,1.0
3725,498922994,1.0
3726,1034081953,0.999999599473
3727,100032385,1.0
3728,2332118144,1.0
3729,727712956872536000,1.0
3730,120886193,0.5
3731,620450852,0.999999599473
3732,3314448448,1.0
3733,79939283,0.5
3734,321756731,1.0
3735,3338052424,1.0
3736,193640365,1.0
3737,715887380503204000,1.0
3738,2916467201,0.999999599473
3739,96080712,1.0
3740,58627994,1.0
3741,377742127,1.0
3742,183532730,1.0
3743,2493216284,1.0
3744,859179402,1.0
3745,14802482,1.0
3746,783747823,1.0
3747,3009679910,0.999945666947
3748,14455784,0.999999999978
3749,2900215390,1.0
3750,2160124555,1.0
3751,60056758,1.0
3752,718153918052639000,0.5
3753,3403041177,1.0
3754,2913933691,1.0
3755,3553497439,1.0
3756,751798934830391000,1.0
3757,1718633707,1.0
3758,295772756,1.0
3759,328741195,1.0
3760,21282711,1.0
3761,86132873,1.0
3762,2485438868,1.0
3763,177395359,1.0
3764,63225109,0.999999599473
3765,4893001785,1.0
3766,32717261,1.0
3767,1558535040,0.992682642341
3768,728176896240959000,0.999945666947
3769,3222427706,1.0
3770,4861703796,0.999945666947
3771,280269049,0.5
3772,52342916,1.0
3773,3109168814,1.0
3774,10244292,1.0
3775,294245743,1.0
3776,22157060,1.0
3777,186915947,0.992682642341
3778,289633763,1.0
3779,727521385837396000,1.0
3780,189352028,1.0
3781,2222207587,1.0
3782,83198300,1.0
3783,382982878,1.0
3784,32567813,1.0
3785,701285656711066000,1.0
3786,249925837,0.999999999978
3787,224706426,1.0
3788,315773091,0.999999999978
3789,1656300728,1.0
3790,29880800,1.0
3791,4098592756,0.5
3792,3236289252,0.999999999978
3793,3406555768,1.0
3794,1010216676,1.0
3795,3100843168,1.0
3796,17980196,1.0
3797,393778078,1.0
3798,3348029968,1.0
3799,612564542,0.999999999978
3800,1604329718,0.999999599473
3801,1952738395,1.0
3802,154526438,1.0
3803,593208130,1.0
3804,238063888,1.0
3805,495370382,1.0
3806,144696587,1.0
3807,722158703768683000,1.0
3808,4923098324,1.0
3809,762747523677192000,0.992682642341
3810,261020789,1.0
3811,3427140025,0.992682642341
3812,2409968322,1.0
3813,748939169129312000,1.0
3814,90878815,1.0
3815,129676183,1.0
3816,189480219,1.0
3817,73500803,1.0
3818,202950745,1.0
3819,754240306543854000,1.0
3820,4699072548,0.999999599473
3821,2328874352,1.0
3822,700434932875670000,1.0
3823,911111833,1.0
3824,2369185350,1.0
3825,554768699,1.0
3826,2549140477,1.0
3827,16091708,1.0
3828,614268342,1.0
3829,25611518,1.0
3830,3347545563,1.0
3831,722150149775049000,1.0
3832,239071383,1.0
3833,4237870212,0.999945666947
3834,40970230,0.999999997048
3835,14162415,1.0
3836,1202654822,1.0
3837,3371991802,0.992682642341
3838,618716094,1.0
3839,108084425,1.0
3840,1411156424,1.0
3841,15929240,0.999945666947
3842,24265832,1.0
3843,4462003300,1.0
3844,870778321,1.0
3845,273683993,0.999999997048
3846,2401135938,1.0
3847,1708682162,1.0
3848,364220989,1.0
3849,599515857,0.992682642341
3850,112523432,1.0
3851,790190491,1.0
3852,4710084441,1.0
3853,174938330,1.0
3854,872648700,1.0
3855,717468189244797000,1.0
3856,709807895,1.0
3857,4012308323,1.0
3858,555456889,0.5
3859,146378257,1.0
3860,169542231,1.0
3861,749518382890824000,1.0
3862,4476921734,0.999999599473
3863,36614498,1.0
3864,49196387,1.0
3865,3139534178,1.0
3866,3280095091,1.0
3867,1037090653,1.0
3868,2730474027,1.0
3869,601976944,1.0
3870,219595506,0.999999599473
3871,237343387,1.0
3872,4201110927,1.0
3873,171511618,1.0
3874,463311157,0.999999599473
3875,257145098,1.0
3876,1618230218,1.0
3877,42471101,1.0
3878,614499178,0.5
3879,2436428682,1.0
3880,2295458436,1.0
3881,708087050168185000,0.5
3882,496810557,1.0
3883,286987070,1.0
3884,49812319,1.0
3885,845712578,1.0
3886,4861782191,0.999999999978
3887,483677459,1.0
3888,533384347,1.0
3889,3031912691,1.0
3890,19579296,1.0
3891,185421368,0.992682642341
3892,767351160512668000,0.999999999978
3893,3025332171,1.0
3894,1544693930,1.0
3895,112873986,1.0
3896,1397669126,0.5
3897,1659450901,1.0
3898,63499480,1.0
3899,594834791,1.0
3900,1933740602,1.0
3901,720456674088194000,1.0
3902,1261901263,1.0
3903,32830979,1.0
3904,57794527,1.0
3905,3230082476,1.0
3906,2299575175,1.0
3907,299412596,0.999999997048
3908,177778854,1.0
3909,21583400,0.5
3910,2476019457,1.0
3911,2469869328,1.0
3912,746839771603862000,1.0
3913,65432086,1.0
3914,2824784958,1.0
3915,198295831,1.0
3916,44923355,0.999999599473
3917,2363236014,1.0
3918,3725036834,1.0
3919,3180263437,1.0
3920,97131074,1.0
3921,993287485,1.0
3922,759718717911605000,1.0
3923,43913875,0.5
3924,8217322,1.0
3925,38153970,1.0
3926,23196862,1.0
3927,160929498,1.0
3928,132838231,1.0
3929,14409520,0.5
3930,746510310991766000,1.0
3931,1308304951,1.0
3932,14202357,0.5
3933,65600098,0.999999999978
3934,45405161,1.0
3935,86965960,1.0
3936,717809714579505000,1.0
3937,3357853071,1.0
3938,2595916214,1.0
3939,246988461,0.5
3940,742553730,1.0
3941,733370006734557000,1.0
3942,587633940,1.0
3943,159277357,1.0
3944,731309318,0.992682642341
3945,226315489,0.999999999978
3946,257825424,1.0
3947,2690640955,1.0
3948,2714434569,0.999999997048
3949,1254983402,1.0
3950,4311025529,1.0
3951,57656713,1.0
3952,4405919597,1.0
3953,1587948283,1.0
3954,307187154,1.0
3955,100673995,1.0
3956,4740706968,0.5
3957,2491933447,0.992682642341
3958,235557177,1.0
3959,21497252,0.5
3960,19743781,1.0
3961,4199167413,1.0
3962,780372457,1.0
3963,827726954,1.0
3964,3698501,1.0
3965,3243715999,1.0
3966,18621180,1.0
3967,742073076360172000,1.0
3968,1416904591,1.0
3969,723204626376495000,1.0
3970,1622196384,1.0
3971,84690391,1.0
3972,1572989736,1.0
3973,39347621,1.0
3974,307256963,1.0
3975,32781684,1.0
3976,60641300,1.0
3977,23044593,1.0
3978,554978307,1.0
3979,1556355314,1.0
3980,3254615375,1.0
3981,3310097983,1.0
3982,232010713,1.0
3983,3214594439,1.0
3984,3091583591,1.0
3985,2229722131,1.0
3986,265189620,1.0
3987,21722910,1.0
3988,50702164,1.0
3989,69382861,1.0
3990,2610301644,1.0
3991,2372834940,1.0
3992,121309328,1.0
3993,335663618,1.0
3994,171456987,1.0
3995,2804115660,1.0
3996,2728071350,1.0
3997,453353559,1.0
3998,1049585749,1.0
3999,272199807,1.0
4000,2574660351,1.0
4001,14114176,1.0
4002,582202467,1.0
4003,488497767,1.0
4004,281663037,1.0
4005,1600898599,1.0
4006,3072617516,1.0
4007,303668670,1.0
4008,19057526,1.0
4009,514720972,1.0
4010,35032831,0.5
4011,483380846,1.0
4012,3105856549,1.0
4013,633890842,1.0
4014,148058571,1.0
4015,144259106,1.0
4016,329391987,1.0
4017,26175710,1.0
4018,4837439172,1.0
4019,3387016219,0.999945666947
4020,3196040707,0.999999599473
4021,63803129,1.0
4022,2841850435,1.0
4023,3236724427,1.0
4024,196187973,1.0
4025,500862400,1.0
4026,428683178,1.0
4027,714540074055180000,0.992682642341
4028,31597911,1.0
4029,623550970,0.999945666947
4030,755723221568291000,1.0
4031,1619578879,1.0
4032,363040350,1.0
4033,20825152,1.0
4034,3310772795,1.0
4035,71607463,1.0
4036,750509908785717000,1.0
4037,1091046398,0.999999997048
4038,3130075822,1.0
4039,14768461,0.999945666947
4040,761652685,1.0
4041,3226744453,1.0
4042,41701133,1.0
4043,2805529441,1.0
4044,345677366,0.999945666947
4045,16666944,1.0
4046,181681986,1.0
4047,83610910,1.0
4048,83649051,1.0
4049,1651130592,0.992682642341
4050,15643138,1.0
4051,23442764,1.0
4052,20752517,1.0
4053,4201940361,1.0
4054,43012262,0.999999997048
4055,3064507960,0.0
4056,30583574,0.0
4057,31084625,0.0
4058,173276279,0.0
4059,108286926,0.0
4060,305299021,0.0
4061,2165607732,0.0
4062,960497377,0.0
4063,4289086699,0.0
4064,2442385034,0.0
4065,2881540605,0.0
4066,791362494,0.0
4067,179832991,0.0
4068,3281711526,0.0
4069,103585613,0.0
4070,50168864,0.0
4071,824451793,0.0
4072,3606788899,0.0
4073,353339455,0.0
4074,24376009,0.0
4075,1732363746,0.0
4076,118491147,0.0
4077,4318913554,0.0
4078,20475946,0.0
4079,22325418,0.0
4080,194103063,0.0
4081,433669920,0.0
4082,2683187947,0.0
4083,1921407559,0.0
4084,2996810751,0.0
4085,2577490256,0.0
4086,1653672420,0.0
4087,57531832,0.0
4088,174812966,0.0
4089,78989823,0.0
4090,430955283,0.0
4091,250565620,0.0
4092,464902742,0.0
4093,4815723341,0.0
4094,4919221519,0.0
4095,2554099789,0.0
4096,2295079410,0.0
4097,441224127,0.0
4098,2886959661,0.0
4099,509501505,0.0
4100,63609165,0.0
4101,4338157692,0.0
4102,733963038219457000,0.0
4103,22522808,0.0
4104,3409816307,0.0
4105,497620807,0.0
4106,892511052,0.0
4107,735443673631036000,0.0
4108,713876515985891000,0.0
4109,47631978,0.0
4110,2480148018,0.0
4111,1316829918,0.0
4112,3022112056,0.0
4113,2200319563,0.0
4114,731728592615264000,0.0
4115,2617229479,0.0
4116,2716657225,0.0
4117,175202043,0.0
4118,309386020,0.0
4119,4859784937,0.0
4120,20175010,0.0
4121,561708281,0.0
4122,2600661859,0.0
4123,32371819,0.0
4124,793577868,0.0
4125,2751712865,0.0
4126,3417244637,0.0
4127,2952434665,0.0
4128,47653624,0.0
4129,736257334595359000,0.0
4130,66048052,0.0
4131,466394715,0.0
4132,747099185837576000,0.0
4133,4564683012,0.0
4134,19495130,0.0
4135,538972199,0.0
4136,581151671,0.0
4137,14263490,0.0
4138,26977119,0.0
4139,50864206,0.0
4140,3178986451,0.0
4141,71780220,0.0
4142,2296425175,0.0
4143,3521366294,0.0
4144,2791820130,0.0
4145,1240248704,0.0
4146,546086531,0.0
4147,103005991,0.0
4148,133801192,0.0
4149,2766766785,0.0
4150,44786803,0.0
4151,2753190313,0.0
4152,2250815868,0.0
4153,2544077335,0.0
4154,2412196383,0.0
4155,95176269,0.0
4156,3350512949,0.0
4157,4843197929,0.0
4158,37167479,0.0
4159,601266059,0.0
4160,261317516,0.0
4161,252552665,0.0
4162,4329593839,0.0
4163,24042930,0.0
4164,44778452,0.0
4165,79129226,0.0
4166,167075172,0.0
4167,4194736274,0.0
4168,33994614,0.0
4169,748204959716389000,0.0
4170,1334649150,0.0
4171,4481220677,0.0
4172,2781780709,0.0
4173,25518617,0.0
4174,286949414,0.0
4175,185230701,0.0
4176,35555188,0.0
4177,23635255,0.0
4178,18027211,0.0
4179,34940130,0.0
4180,421551664,0.0
4181,27173557,0.0
4182,741892715441328000,0.0
4183,22427026,0.0
4184,631655400,0.0
4185,48631118,0.0
4186,3594763280,0.0
4187,319827043,0.0
4188,2181332849,0.0
4189,18154134,0.0
4190,711573625,0.0
4191,3329521493,0.0
4192,944470658,0.0
4193,1060125594,0.0
4194,15857499,0.0
4195,551851625,0.0
4196,736704273321452000,0.0
4197,26438726,0.0
4198,763908852408390000,0.0
4199,3221168089,0.0
4200,77996127,0.0
4201,3377882969,0.0
4202,3112278451,0.0
4203,2758933327,0.0
4204,3280208444,0.0
4205,930054205,0.0
4206,3228401583,0.0
4207,3065854785,0.0
4208,52083929,0.0
4209,628876210,0.0
4210,3218888978,0.0
4211,546519171,0.0
4212,557270222,0.0
4213,736091367722517000,0.0
4214,2822493293,0.0
4215,3153872638,0.0
4216,274561327,0.0
4217,303927892,0.0
4218,171744259,0.0
4219,4481000062,0.0
4220,2722399746,0.0
4221,58287532,0.0
4222,768342954704511000,0.0
4223,2413247078,0.0
4224,2461919468,0.0
4225,1187292012,0.0
4226,150735936,0.0
4227,342686447,0.0
4228,1939724863,0.0
4229,49144924,0.0
4230,319092518,0.0
4231,175850255,0.0
4232,45493089,0.0
4233,41976254,0.0
4234,2787288597,0.0
4235,318033768,0.0
4236,370364820,0.0
4237,1886126162,0.0
4238,1216823996,0.0
4239,103747040,0.0
4240,18311431,0.0
4241,3010452162,0.0
4242,43115649,0.0
4243,3198066276,0.0
4244,15923215,0.0
4245,723626234966471000,0.0
4246,1036062434,0.0
4247,3731177892,0.0
4248,1166870370,0.0
4249,724218513267663000,0.0
4250,2156364362,0.0
4251,859017710,0.0
4252,1121769416,0.0
4253,19910867,0.0
4254,4082135540,0.0
4255,115102639,0.0
4256,28685841,0.0
4257,597782622,0.0
4258,4831246269,0.0
4259,62869839,0.0
4260,259939199,0.0
4261,35777353,0.0
4262,199922631,0.0
4263,81720388,0.0
4264,4761399721,0.0
4265,1325141809,0.0
4266,720071109916406000,0.0
4267,1355228046,0.0
4268,101865956,0.0
4269,387560747,0.0
4270,950421709,0.0
4271,4316421614,0.0
4272,770380218230014000,0.0
4273,103994017,0.0
4274,4353988828,0.0
4275,1121057700,0.0
4276,14427344,0.0
4277,2790982748,0.0
4278,714993704092574000,0.0
4279,62201006,0.0
4280,569422733,0.0
4281,2575642572,0.0
4282,3013968564,0.0
4283,68190988,0.0
4284,570603396,0.0
4285,1301589746,0.0
4286,738153170954641000,0.0
4287,483625886,0.0
4288,282638818,0.0
4289,1618523779,0.0
4290,3390594892,0.0
4291,14769027,0.0
4292,2757596711,0.0
4293,1287323072,0.0
4294,3021965294,0.0
4295,329366122,0.0
4296,135200241,0.0
4297,21819389,0.0
4298,258249030,0.0
4299,1050774102,0.0
4300,16187307,0.0
4301,3378178180,0.0
4302,2290955547,0.0
4303,20635548,0.0
4304,2229427786,0.0
4305,954556442,0.0
4306,410348612,0.0
4307,4858811129,0.0
4308,188921908,0.0
4309,4032358491,0.0
4310,411100842,0.0
4311,745984855322792000,0.0
4312,3091959880,0.0
4313,389736655,0.0
4314,3040722892,0.0
4315,970778576,0.0
4316,33446200,0.0
4317,2371631,0.0
4318,636186580,0.0
4319,184194195,0.0
4320,2360308658,0.0
4321,301259110,0.0
4322,2718466802,0.0
4323,19793884,0.0
4324,166051030,0.0
4325,72632136,0.0
4326,184304603,0.0
4327,312030298,0.0
4328,31155405,0.0
4329,197657123,0.0
4330,76927491,0.0
4331,77305085,0.0
4332,30858196,0.0
4333,29800476,0.0
4334,52174270,0.0
4335,2757232748,0.0
4336,580797868,0.0
4337,727057527695901000,0.0
4338,144252000,0.0
4339,16548970,0.0
4340,3360187175,0.0
4341,241243938,0.0
4342,832643065,0.0
4343,275126676,0.0
4344,631822614,0.0
4345,171738649,0.0
4346,251439732,0.0
4347,3354474688,0.0
4348,715953988450054000,0.0
4349,42926910,0.0
4350,41692977,0.0
4351,22114889,0.0
4352,3453371,0.0
4353,1683431472,0.0
4354,50957164,0.0
4355,15279429,0.0
4356,211851247,0.0
4357,703064457497309000,0.0
4358,2275045953,0.0
4359,2654395530,0.0
4360,142886321,0.0
4361,19638250,0.0
4362,155586892,0.0
4363,359591316,0.0
4364,2194492434,0.0
4365,18582518,0.0
4366,2366076018,0.0
4367,27079768,0.0
4368,291622428,0.0
4369,2376606728,0.0
4370,202688118,0.0
4371,14355510,0.0
4372,1177266109,0.0
4373,3097143220,0.0
4374,145515449,0.0
4375,2565667207,0.0
4376,2458975088,0.0
4377,2264390088,0.0
4378,3004249608,0.0
4379,195127193,0.0
4380,4055397155,0.0
4381,852089071,0.0
4382,430935020,0.0
4383,751889487442088000,0.0
4384,527930726,0.0
4385,2169030391,0.0
4386,2869511781,0.0
4387,606998881,0.0
4388,35289995,0.0
4389,749461398141309000,0.0
4390,740377501264957000,0.0
4391,180961579,0.0
4392,99122862,0.0
4393,1899388826,0.0
4394,720061842144399000,0.0
4395,36173163,0.0
4396,2251361779,0.0
4397,242971561,0.0
4398,191561031,0.0
4399,709705547595981000,0.0
4400,3312830622,0.0
4401,34119202,0.0
4402,131410398,0.0
4403,2929662160,0.0
4404,3194084935,0.0
4405,2461738250,0.0
4406,1131879732,0.0
4407,2396648268,0.0
4408,3520225754,0.0
4409,33428736,0.0
4410,139777126,0.0
4411,3246246936,0.0
4412,3237769571,0.0
4413,524487741,0.0
4414,106205297,0.0
4415,326048983,0.0
4416,4553096112,0.0
4417,1617853302,0.0
4418,63971647,0.0
4419,712098227135197000,0.0
4420,18303259,0.0
4421,739982121343689000,0.0
4422,23135362,0.0
4423,770082968106828000,0.0
4424,2409327530,0.0
4425,275702336,0.0
4426,724180468820763000,0.0
4427,920197046,0.0
4428,357035491,0.0
4429,97206537,0.0
4430,2944826777,0.0
4431,762488004,0.0
4432,3136326263,0.0
4433,730290320,0.0
4434,437620214,0.0
4435,4925807289,0.0
4436,1345790552,0.0
4437,3365383939,0.0
4438,225951967,0.0
4439,747596967656702000,0.0
4440,307766311,0.0
4441,48940419,0.0
4442,1653558319,0.0
4443,755331347351298000,0.0
4444,763833458611192000,0.0
4445,103478479,0.0
4446,246177875,0.0
4447,2836524884,0.0
4448,3023523825,0.0
4449,4916454239,0.0
4450,703397199087051000,0.0
4451,3035433907,0.0
4452,2652859152,0.0
4453,64516431,0.0
4454,29630080,0.0
4455,474555005,0.0
4456,1678681,0.0
4457,787968824,0.0
4458,2885715171,0.0
4459,352386939,0.0
4460,3022676725,0.0
4461,296144196,0.0
4462,2735989622,0.0
4463,764582641676980000,0.0
4464,2188117795,0.0
4465,412244953,0.0
4466,3884486896,0.0
4467,178983933,0.0
4468,387286408,0.0
4469,744156414126481000,0.0
4470,168917045,0.0
4471,3401086941,0.0
4472,342422999,0.0
4473,25561096,0.0
4474,2342022933,0.0
4475,64827368,0.0
4476,741249983446409000,0.0
4477,738285880247390000,0.0
4478,2940414366,0.0
4479,14069721,0.0
4480,118251030,0.0
4481,20529120,0.0
4482,18517432,0.0
4483,2970181403,0.0
4484,74732751,0.0
4485,735555222135820000,0.0
4486,2568143444,0.0
4487,3197572503,0.0
4488,123037405,0.0
4489,3004243007,0.0
4490,2221779792,0.0
4491,763834820027945000,0.0
4492,2889768958,0.0
4493,501636494,0.0
4494,960980526,0.0
4495,1470545929,0.0
4496,2442787166,0.0
4497,311502887,0.0
4498,274341323,0.0
4499,948521,0.0
4500,183356409,0.0
4501,15603359,0.0
4502,261007580,0.0
4503,1620929377,0.0
4504,727674633999290000,0.0
4505,8187622,0.0
4506,761491589864624000,0.0
4507,82198093,0.0
4508,624261402,0.0
4509,26653434,0.0
4510,13841232,0.0
4511,2240965518,0.0
4512,2908531883,0.0
4513,3277713098,0.0
4514,289381764,0.0
4515,2791073578,0.0
4516,214352127,0.0
4517,78166909,0.0
4518,16390993,0.0
4519,17539045,0.0
4520,1622964595,0.0
4521,174316942,0.0
4522,2742169321,0.0
4523,99385493,0.0
4524,112994612,0.0
4525,1579925323,0.0
4526,426705602,0.0
4527,383360799,0.0
4528,3029026319,0.0
4529,533822835,0.0
4530,599456294,0.0
4531,558631361,0.0
4532,309688862,0.0
4533,31478684,0.0
4534,3504359657,0.0
4535,2815791236,0.0
4536,2364054248,0.0
4537,285731908,0.0
4538,264224330,0.0
4539,1161743276,0.0
4540,164534705,0.0
4541,2942793153,0.0
4542,1620880639,0.0
4543,4863852213,0.0
4544,57493299,0.0
4545,19325917,0.0
4546,449840188,0.0
4547,384498135,0.0
4548,2242705375,0.0
4549,3385029100,0.0
4550,1426993928,0.0
4551,29315563,0.0
4552,1665623474,0.0
4553,19317570,0.0
4554,9474682,0.0
4555,45681031,0.0
4556,397484840,0.0
4557,112931374,0.0
4558,703478644723851000,0.0
4559,1447065565,0.0
4560,108594196,0.0
4561,618671623,0.0
4562,37761283,0.0
4563,4735362798,0.0
4564,79209051,0.0
4565,23412902,0.0
4566,362011691,0.0
4567,311885863,0.0
4568,43545377,0.0
4569,2359874810,0.0
4570,14056917,0.0
4571,312223289,0.0
4572,1556747208,0.0
4573,338822989,0.0
4574,717052032671097000,0.0
4575,108711310,0.0
4576,756652992099525000,0.0
4577,99514242,0.0
4578,1348051076,0.0
4579,371508736,0.0
4580,1924632812,0.0
4581,25878061,0.0
4582,856478310,0.0
4583,2982195972,0.0
4584,1531460803,0.0
4585,424679771,0.0
4586,1686029562,0.0
4587,4324797252,0.0
4588,3290936771,0.0
4589,169237966,0.0
4590,17905569,0.0
4591,701832789272867000,0.0
4592,1670584406,0.0
4593,1888509854,0.0
4594,3327241573,0.0
4595,556088713,0.0
4596,2508396248,0.0
4597,4876199007,0.0
4598,732040652393878000,0.0
4599,2208326623,0.0
4600,7409432,0.0
4601,2682399380,0.0
4602,3110234770,0.0
4603,309962350,0.0
4604,40886715,0.0
4605,64402691,0.0
4606,2984637111,0.0
4607,2677344176,0.0
4608,970173457,0.0
4609,124320964,0.0
4610,1034607506,0.0
4611,789017461,0.0
4612,1388612648,0.0
4613,753970158,0.0
4614,329949020,0.0
4615,705291697178149000,0.0
4616,2245840138,0.0
4617,548396567,0.0
4618,412076038,0.0
4619,549759200,0.0
4620,11393082,0.0
4621,3621731232,0.0
4622,4744749254,0.0
4623,3232086118,0.0
4624,979731134,0.0
4625,4902008174,0.0
4626,739128595092738000,0.0
4627,2920947125,0.0
4628,92663865,0.0
4629,3365611043,0.0
4630,742858104874750000,0.0
4631,948540210,0.0
4632,2823355466,0.0
4633,957911,0.0
4634,258383368,0.0
4635,57126565,0.0
4636,199623057,0.0
4637,15725955,0.0
4638,1055610720,0.0
4639,1922509160,0.0
4640,3356396811,0.0
4641,818263892,0.0
4642,755620228927631000,0.0
4643,114538347,0.0
4644,18060144,0.0
4645,583291309,0.0
4646,102492109,0.0
4647,51258462,0.0
4648,83095098,0.0
4649,219704386,0.0
4650,731321145136316000,0.0
4651,2938687057,0.0
4652,55923711,0.0
4653,41695108,0.0
4654,599649938,0.0
4655,48518943,0.0
4656,290950979,0.0
4657,45098848,0.0
4658,1284455821,0.0
4659,27657060,0.0
4660,108794789,0.0
4661,86243608,0.0
4662,79324773,0.0
4663,3005732575,0.0
4664,1257467845,0.0
4665,1663736815,0.0
4666,15074697,0.0
4667,3408856133,0.0
4668,51096355,0.0
4669,2363748107,0.0
4670,841758746,0.0
4671,276812364,0.0
4672,635980026,0.0
4673,416135004,0.0
4674,2943515701,0.0
4675,1134127952,0.0
4676,37659707,0.0
4677,905494500,0.0
4678,4032013829,0.0
4679,4007734760,0.0
4680,179639165,0.0
4681,2681065089,0.0
4682,517879389,0.0
4683,1058694859,0.0
4684,16135680,0.0
4685,3347846421,0.0
4686,265249712,0.0
4687,1096502592,0.0
4688,716679414260634000,0.0
4689,22156738,0.0
4690,129004212,0.0
4691,45032749,0.0
4692,15181936,0.0
4693,973714687,0.0
4694,15851089,0.0
4695,49354498,0.0
4696,772349239,0.0
4697,1007685762,0.0
4698,3317158825,0.0
4699,57417239,0.0
4700,3317526877,0.0
4701,412851403,0.0
4702,192927868,0.0
4703,705950231637172000,0.0
4704,3070638105,0.0
4705,2287127459,0.0
4706,58620468,0.0
4707,279372169,0.0
4708,3013757540,0.0
4709,770190744577532000,0.0
4710,153706366,0.0
4711,388559571,0.0
4712,266686336,0.0
4713,15702395,0.0
4714,244519148,0.0
4715,3101960881,0.0
4716,787761434,0.0
4717,70996111,0.0
4718,1551606846,0.0
4719,2515843570,0.0
4720,3177164330,0.0
4721,738922093463634000,0.0
4722,30783602,0.0
4723,23043649,0.0
4724,370117168,0.0
4725,121233392,0.0
4726,3794670447,0.0
4727,634578158,0.0
4728,1063049935,0.0
4729,553917747,0.0
4730,628400126,0.0
4731,2450565163,0.0
4732,16569278,0.0
4733,1944969114,0.0
4734,77377177,0.0
4735,4343171772,0.0
4736,33929806,0.0
4737,505986984,0.0
4738,15585700,0.0
4739,755055152613233000,0.0
4740,38068469,0.0
4741,26628289,0.0
4742,249975867,0.0
4743,3741233607,0.0
4744,750807944871240000,0.0
4745,2818242018,0.0
4746,2263956151,0.0
4747,133581466,0.0
